-- phpMyAdmin SQL Dump
-- version 4.6.4
-- https://www.phpmyadmin.net/
--
-- Servidor: 127.0.0.1
-- Tiempo de generación: 24-11-2017 a las 22:18:30
-- Versión del servidor: 5.7.14
-- Versión de PHP: 5.6.25

SET SQL_MODE = "NO_AUTO_VALUE_ON_ZERO";
SET time_zone = "+00:00";


/*!40101 SET @OLD_CHARACTER_SET_CLIENT=@@CHARACTER_SET_CLIENT */;
/*!40101 SET @OLD_CHARACTER_SET_RESULTS=@@CHARACTER_SET_RESULTS */;
/*!40101 SET @OLD_COLLATION_CONNECTION=@@COLLATION_CONNECTION */;
/*!40101 SET NAMES utf8mb4 */;

--
-- Base de datos: `financiera_dev`
--

-- --------------------------------------------------------

--
-- Estructura de tabla para la tabla `caja`
--

CREATE TABLE `caja` (
  `id` bigint(11) NOT NULL,
  `fecha_apertura` date NOT NULL,
  `fecha_cierre` date NOT NULL
) ENGINE=InnoDB DEFAULT CHARSET=latin1;

-- --------------------------------------------------------

--
-- Estructura de tabla para la tabla `ciudad`
--

CREATE TABLE `ciudad` (
  `id` bigint(20) NOT NULL,
  `nombre` varchar(255) DEFAULT NULL,
  `provincia_id` bigint(20) DEFAULT NULL
) ENGINE=InnoDB DEFAULT CHARSET=latin1;

--
-- Volcado de datos para la tabla `ciudad`
--

INSERT INTO `ciudad` (`id`, `nombre`, `provincia_id`) VALUES
(1, '25 de Mayo', 1),
(2, '3 de febrero', 1),
(3, 'A. Alsina', 1),
(4, 'A. Gonzáles Cháves', 1),
(5, 'Aguas Verdes', 1),
(6, 'Alberti', 1),
(7, 'Arrecifes', 1),
(8, 'Ayacucho', 1),
(9, 'Azul', 1),
(10, 'Bahía Blanca', 1),
(11, 'Balcarce', 1),
(12, 'Baradero', 1),
(13, 'Benito Juárez', 1),
(14, 'Berisso', 1),
(15, 'Bolívar', 1),
(16, 'Bragado', 1),
(17, 'Brandsen', 1),
(18, 'Campana', 1),
(19, 'Cañuelas', 1),
(20, 'Capilla del Señor', 1),
(21, 'Capitán Sarmiento', 1),
(22, 'Carapachay', 1),
(23, 'Carhue', 1),
(24, 'Cariló', 1),
(25, 'Carlos Casares', 1),
(26, 'Carlos Tejedor', 1),
(27, 'Carmen de Areco', 1),
(28, 'Carmen de Patagones', 1),
(29, 'Castelli', 1),
(30, 'Chacabuco', 1),
(31, 'Chascomús', 1),
(32, 'Chivilcoy', 1),
(33, 'Colón', 1),
(34, 'Coronel Dorrego', 1),
(35, 'Coronel Pringles', 1),
(36, 'Coronel Rosales', 1),
(37, 'Coronel Suarez', 1),
(38, 'Costa Azul', 1),
(39, 'Costa Chica', 1),
(40, 'Costa del Este', 1),
(41, 'Costa Esmeralda', 1),
(42, 'Daireaux', 1),
(43, 'Darregueira', 1),
(44, 'Del Viso', 1),
(45, 'Dolores', 1),
(46, 'Don Torcuato', 1),
(47, 'Ensenada', 1),
(48, 'Escobar', 1),
(49, 'Exaltación de la Cruz', 1),
(50, 'Florentino Ameghino', 1),
(51, 'Garín', 1),
(52, 'Gral. Alvarado', 1),
(53, 'Gral. Alvear', 1),
(54, 'Gral. Arenales', 1),
(55, 'Gral. Belgrano', 1),
(56, 'Gral. Guido', 1),
(57, 'Gral. Lamadrid', 1),
(58, 'Gral. Las Heras', 1),
(59, 'Gral. Lavalle', 1),
(60, 'Gral. Madariaga', 1),
(61, 'Gral. Pacheco', 1),
(62, 'Gral. Paz', 1),
(63, 'Gral. Pinto', 1),
(64, 'Gral. Pueyrredón', 1),
(65, 'Gral. Rodríguez', 1),
(66, 'Gral. Viamonte', 1),
(67, 'Gral. Villegas', 1),
(68, 'Guaminí', 1),
(69, 'Guernica', 1),
(70, 'Hipólito Yrigoyen', 1),
(71, 'Ing. Maschwitz', 1),
(72, 'Junín', 1),
(73, 'La Plata', 1),
(74, 'Laprida', 1),
(75, 'Las Flores', 1),
(76, 'Las Toninas', 1),
(77, 'Leandro N. Alem', 1),
(78, 'Lincoln', 1),
(79, 'Loberia', 1),
(80, 'Lobos', 1),
(81, 'Los Cardales', 1),
(82, 'Los Toldos', 1),
(83, 'Lucila del Mar', 1),
(84, 'Luján', 1),
(85, 'Magdalena', 1),
(86, 'Maipú', 1),
(87, 'Mar Chiquita', 1),
(88, 'Mar de Ajó', 1),
(89, 'Mar de las Pampas', 1),
(90, 'Mar del Plata', 1),
(91, 'Mar del Tuyú', 1),
(92, 'Marcos Paz', 1),
(93, 'Mercedes', 1),
(94, 'Miramar', 1),
(95, 'Monte', 1),
(96, 'Monte Hermoso', 1),
(97, 'Munro', 1),
(98, 'Navarro', 1),
(99, 'Necochea', 1),
(100, 'Olavarría', 1),
(101, 'Partido de la Costa', 1),
(102, 'Pehuajó', 1),
(103, 'Pellegrini', 1),
(104, 'Pergamino', 1),
(105, 'Pigüé', 1),
(106, 'Pila', 1),
(107, 'Pilar', 1),
(108, 'Pinamar', 1),
(109, 'Pinar del Sol', 1),
(110, 'Polvorines', 1),
(111, 'Pte. Perón', 1),
(112, 'Puán', 1),
(113, 'Punta Indio', 1),
(114, 'Ramallo', 1),
(115, 'Rauch', 1),
(116, 'Rivadavia', 1),
(117, 'Rojas', 1),
(118, 'Roque Pérez', 1),
(119, 'Saavedra', 1),
(120, 'Saladillo', 1),
(121, 'Salliqueló', 1),
(122, 'Salto', 1),
(123, 'San Andrés de Giles', 1),
(124, 'San Antonio de Areco', 1),
(125, 'San Antonio de Padua', 1),
(126, 'San Bernardo', 1),
(127, 'San Cayetano', 1),
(128, 'San Clemente del Tuyú', 1),
(129, 'San Nicolás', 1),
(130, 'San Pedro', 1),
(131, 'San Vicente', 1),
(132, 'Santa Teresita', 1),
(133, 'Suipacha', 1),
(134, 'Tandil', 1),
(135, 'Tapalqué', 1),
(136, 'Tordillo', 1),
(137, 'Tornquist', 1),
(138, 'Trenque Lauquen', 1),
(139, 'Tres Lomas', 1),
(140, 'Villa Gesell', 1),
(141, 'Villarino', 1),
(142, 'Zárate', 1),
(143, '11 de Septiembre', 2),
(144, '20 de Junio', 2),
(145, '25 de Mayo', 2),
(146, 'Acassuso', 2),
(147, 'Adrogué', 2),
(148, 'Aldo Bonzi', 2),
(149, 'Área Reserva Cinturón Ecológico', 2),
(150, 'Avellaneda', 2),
(151, 'Banfield', 2),
(152, 'Barrio Parque', 2),
(153, 'Barrio Santa Teresita', 2),
(154, 'Beccar', 2),
(155, 'Bella Vista', 2),
(156, 'Berazategui', 2),
(157, 'Bernal Este', 2),
(158, 'Bernal Oeste', 2),
(159, 'Billinghurst', 2),
(160, 'Boulogne', 2),
(161, 'Burzaco', 2),
(162, 'Carapachay', 2),
(163, 'Caseros', 2),
(164, 'Castelar', 2),
(165, 'Churruca', 2),
(166, 'Ciudad Evita', 2),
(167, 'Ciudad Madero', 2),
(168, 'Ciudadela', 2),
(169, 'Claypole', 2),
(170, 'Crucecita', 2),
(171, 'Dock Sud', 2),
(172, 'Don Bosco', 2),
(173, 'Don Orione', 2),
(174, 'El Jagüel', 2),
(175, 'El Libertador', 2),
(176, 'El Palomar', 2),
(177, 'El Tala', 2),
(178, 'El Trébol', 2),
(179, 'Ezeiza', 2),
(180, 'Ezpeleta', 2),
(181, 'Florencio Varela', 2),
(182, 'Florida', 2),
(183, 'Francisco Álvarez', 2),
(184, 'Gerli', 2),
(185, 'Glew', 2),
(186, 'González Catán', 2),
(187, 'Gral. Lamadrid', 2),
(188, 'Grand Bourg', 2),
(189, 'Gregorio de Laferrere', 2),
(190, 'Guillermo Enrique Hudson', 2),
(191, 'Haedo', 2),
(192, 'Hurlingham', 2),
(193, 'Ing. Sourdeaux', 2),
(194, 'Isidro Casanova', 2),
(195, 'Ituzaingó', 2),
(196, 'José C. Paz', 2),
(197, 'José Ingenieros', 2),
(198, 'José Marmol', 2),
(199, 'La Lucila', 2),
(200, 'La Reja', 2),
(201, 'La Tablada', 2),
(202, 'Lanús', 2),
(203, 'Llavallol', 2),
(204, 'Loma Hermosa', 2),
(205, 'Lomas de Zamora', 2),
(206, 'Lomas del Millón', 2),
(207, 'Lomas del Mirador', 2),
(208, 'Longchamps', 2),
(209, 'Los Polvorines', 2),
(210, 'Luis Guillón', 2),
(211, 'Malvinas Argentinas', 2),
(212, 'Martín Coronado', 2),
(213, 'Martínez', 2),
(214, 'Merlo', 2),
(215, 'Ministro Rivadavia', 2),
(216, 'Monte Chingolo', 2),
(217, 'Monte Grande', 2),
(218, 'Moreno', 2),
(219, 'Morón', 2),
(220, 'Muñiz', 2),
(221, 'Olivos', 2),
(222, 'Pablo Nogués', 2),
(223, 'Pablo Podestá', 2),
(224, 'Paso del Rey', 2),
(225, 'Pereyra', 2),
(226, 'Piñeiro', 2),
(227, 'Plátanos', 2),
(228, 'Pontevedra', 2),
(229, 'Quilmes', 2),
(230, 'Rafael Calzada', 2),
(231, 'Rafael Castillo', 2),
(232, 'Ramos Mejía', 2),
(233, 'Ranelagh', 2),
(234, 'Remedios de Escalada', 2),
(235, 'Sáenz Peña', 2),
(236, 'San Antonio de Padua', 2),
(237, 'San Fernando', 2),
(238, 'San Francisco Solano', 2),
(239, 'San Isidro', 2),
(240, 'San José', 2),
(241, 'San Justo', 2),
(242, 'San Martín', 2),
(243, 'San Miguel', 2),
(244, 'Santos Lugares', 2),
(245, 'Sarandí', 2),
(246, 'Sourigues', 2),
(247, 'Tapiales', 2),
(248, 'Temperley', 2),
(249, 'Tigre', 2),
(250, 'Tortuguitas', 2),
(251, 'Tristán Suárez', 2),
(252, 'Trujui', 2),
(253, 'Turdera', 2),
(254, 'Valentín Alsina', 2),
(255, 'Vicente López', 2),
(256, 'Villa Adelina', 2),
(257, 'Villa Ballester', 2),
(258, 'Villa Bosch', 2),
(259, 'Villa Caraza', 2),
(260, 'Villa Celina', 2),
(261, 'Villa Centenario', 2),
(262, 'Villa de Mayo', 2),
(263, 'Villa Diamante', 2),
(264, 'Villa Domínico', 2),
(265, 'Villa España', 2),
(266, 'Villa Fiorito', 2),
(267, 'Villa Guillermina', 2),
(268, 'Villa Insuperable', 2),
(269, 'Villa José León Suárez', 2),
(270, 'Villa La Florida', 2),
(271, 'Villa Luzuriaga', 2),
(272, 'Villa Martelli', 2),
(273, 'Villa Obrera', 2),
(274, 'Villa Progreso', 2),
(275, 'Villa Raffo', 2),
(276, 'Villa Sarmiento', 2),
(277, 'Villa Tesei', 2),
(278, 'Villa Udaondo', 2),
(279, 'Virrey del Pino', 2),
(280, 'Wilde', 2),
(281, 'William Morris', 2),
(282, 'Agronomía', 3),
(283, 'Almagro', 3),
(284, 'Balvanera', 3),
(285, 'Barracas', 3),
(286, 'Belgrano', 3),
(287, 'Boca', 3),
(288, 'Boedo', 3),
(289, 'Caballito', 3),
(290, 'Chacarita', 3),
(291, 'Coghlan', 3),
(292, 'Colegiales', 3),
(293, 'Constitución', 3),
(294, 'Flores', 3),
(295, 'Floresta', 3),
(296, 'La Paternal', 3),
(297, 'Liniers', 3),
(298, 'Mataderos', 3),
(299, 'Monserrat', 3),
(300, 'Monte Castro', 3),
(301, 'Nueva Pompeya', 3),
(302, 'Núñez', 3),
(303, 'Palermo', 3),
(304, 'Parque Avellaneda', 3),
(305, 'Parque Chacabuco', 3),
(306, 'Parque Chas', 3),
(307, 'Parque Patricios', 3),
(308, 'Puerto Madero', 3),
(309, 'Recoleta', 3),
(310, 'Retiro', 3),
(311, 'Saavedra', 3),
(312, 'San Cristóbal', 3),
(313, 'San Nicolás', 3),
(314, 'San Telmo', 3),
(315, 'Vélez Sársfield', 3),
(316, 'Versalles', 3),
(317, 'Villa Crespo', 3),
(318, 'Villa del Parque', 3),
(319, 'Villa Devoto', 3),
(320, 'Villa Gral. Mitre', 3),
(321, 'Villa Lugano', 3),
(322, 'Villa Luro', 3),
(323, 'Villa Ortúzar', 3),
(324, 'Villa Pueyrredón', 3),
(325, 'Villa Real', 3),
(326, 'Villa Riachuelo', 3),
(327, 'Villa Santa Rita', 3),
(328, 'Villa Soldati', 3),
(329, 'Villa Urquiza', 3),
(330, 'Aconquija', 4),
(331, 'Ancasti', 4),
(332, 'Andalgalá', 4),
(333, 'Antofagasta', 4),
(334, 'Belén', 4),
(335, 'Capayán', 4),
(336, 'Capital', 4),
(337, '4', 4),
(338, 'Corral Quemado', 4),
(339, 'El Alto', 4),
(340, 'El Rodeo', 4),
(341, 'F.Mamerto Esquiú', 4),
(342, 'Fiambalá', 4),
(343, 'Hualfín', 4),
(344, 'Huillapima', 4),
(345, 'Icaño', 4),
(346, 'La Puerta', 4),
(347, 'Las Juntas', 4),
(348, 'Londres', 4),
(349, 'Los Altos', 4),
(350, 'Los Varela', 4),
(351, 'Mutquín', 4),
(352, 'Paclín', 4),
(353, 'Poman', 4),
(354, 'Pozo de La Piedra', 4),
(355, 'Puerta de Corral', 4),
(356, 'Puerta San José', 4),
(357, 'Recreo', 4),
(358, 'S.F.V de 4', 4),
(359, 'San Fernando', 4),
(360, 'San Fernando del Valle', 4),
(361, 'San José', 4),
(362, 'Santa María', 4),
(363, 'Santa Rosa', 4),
(364, 'Saujil', 4),
(365, 'Tapso', 4),
(366, 'Tinogasta', 4),
(367, 'Valle Viejo', 4),
(368, 'Villa Vil', 4),
(369, 'Aviá Teraí', 5),
(370, 'Barranqueras', 5),
(371, 'Basail', 5),
(372, 'Campo Largo', 5),
(373, 'Capital', 5),
(374, 'Capitán Solari', 5),
(375, 'Charadai', 5),
(376, 'Charata', 5),
(377, 'Chorotis', 5),
(378, 'Ciervo Petiso', 5),
(379, 'Cnel. Du Graty', 5),
(380, 'Col. Benítez', 5),
(381, 'Col. Elisa', 5),
(382, 'Col. Popular', 5),
(383, 'Colonias Unidas', 5),
(384, 'Concepción', 5),
(385, 'Corzuela', 5),
(386, 'Cote Lai', 5),
(387, 'El Sauzalito', 5),
(388, 'Enrique Urien', 5),
(389, 'Fontana', 5),
(390, 'Fte. Esperanza', 5),
(391, 'Gancedo', 5),
(392, 'Gral. Capdevila', 5),
(393, 'Gral. Pinero', 5),
(394, 'Gral. San Martín', 5),
(395, 'Gral. Vedia', 5),
(396, 'Hermoso Campo', 5),
(397, 'I. del Cerrito', 5),
(398, 'J.J. Castelli', 5),
(399, 'La Clotilde', 5),
(400, 'La Eduvigis', 5),
(401, 'La Escondida', 5),
(402, 'La Leonesa', 5),
(403, 'La Tigra', 5),
(404, 'La Verde', 5),
(405, 'Laguna Blanca', 5),
(406, 'Laguna Limpia', 5),
(407, 'Lapachito', 5),
(408, 'Las Breñas', 5),
(409, 'Las Garcitas', 5),
(410, 'Las Palmas', 5),
(411, 'Los Frentones', 5),
(412, 'Machagai', 5),
(413, 'Makallé', 5),
(414, 'Margarita Belén', 5),
(415, 'Miraflores', 5),
(416, 'Misión N. Pompeya', 5),
(417, 'Napenay', 5),
(418, 'Pampa Almirón', 5),
(419, 'Pampa del Indio', 5),
(420, 'Pampa del Infierno', 5),
(421, 'Pdcia. de La Plaza', 5),
(422, 'Pdcia. Roca', 5),
(423, 'Pdcia. Roque Sáenz Peña', 5),
(424, 'Pto. Bermejo', 5),
(425, 'Pto. Eva Perón', 5),
(426, 'Puero Tirol', 5),
(427, 'Puerto Vilelas', 5),
(428, 'Quitilipi', 5),
(429, 'Resistencia', 5),
(430, 'Sáenz Peña', 5),
(431, 'Samuhú', 5),
(432, 'San Bernardo', 5),
(433, 'Santa Sylvina', 5),
(434, 'Taco Pozo', 5),
(435, 'Tres Isletas', 5),
(436, 'Villa Ángela', 5),
(437, 'Villa Berthet', 5),
(438, 'Villa R. Bermejito', 5),
(439, 'Aldea Apeleg', 6),
(440, 'Aldea Beleiro', 6),
(441, 'Aldea Epulef', 6),
(442, 'Alto Río Sengerr', 6),
(443, 'Buen Pasto', 6),
(444, 'Camarones', 6),
(445, 'Carrenleufú', 6),
(446, 'Cholila', 6),
(447, 'Co. Centinela', 6),
(448, 'Colan Conhué', 6),
(449, 'Comodoro Rivadavia', 6),
(450, 'Corcovado', 6),
(451, 'Cushamen', 6),
(452, 'Dique F. Ameghino', 6),
(453, 'Dolavón', 6),
(454, 'Dr. R. Rojas', 6),
(455, 'El Hoyo', 6),
(456, 'El Maitén', 6),
(457, 'Epuyén', 6),
(458, 'Esquel', 6),
(459, 'Facundo', 6),
(460, 'Gaimán', 6),
(461, 'Gan Gan', 6),
(462, 'Gastre', 6),
(463, 'Gdor. Costa', 6),
(464, 'Gualjaina', 6),
(465, 'J. de San Martín', 6),
(466, 'Lago Blanco', 6),
(467, 'Lago Puelo', 6),
(468, 'Lagunita Salada', 6),
(469, 'Las Plumas', 6),
(470, 'Los Altares', 6),
(471, 'Paso de los Indios', 6),
(472, 'Paso del Sapo', 6),
(473, 'Pto. Madryn', 6),
(474, 'Pto. Pirámides', 6),
(475, 'Rada Tilly', 6),
(476, 'Rawson', 6),
(477, 'Río Mayo', 6),
(478, 'Río Pico', 6),
(479, 'Sarmiento', 6),
(480, 'Tecka', 6),
(481, 'Telsen', 6),
(482, 'Trelew', 6),
(483, 'Trevelin', 6),
(484, 'Veintiocho de Julio', 6),
(485, 'Achiras', 7),
(486, 'Adelia Maria', 7),
(487, 'Agua de Oro', 7),
(488, 'Alcira Gigena', 7),
(489, 'Aldea Santa Maria', 7),
(490, 'Alejandro Roca', 7),
(491, 'Alejo Ledesma', 7),
(492, 'Alicia', 7),
(493, 'Almafuerte', 7),
(494, 'Alpa Corral', 7),
(495, 'Alta Gracia', 7),
(496, 'Alto Alegre', 7),
(497, 'Alto de Los Quebrachos', 7),
(498, 'Altos de Chipion', 7),
(499, 'Amboy', 7),
(500, 'Ambul', 7),
(501, 'Ana Zumaran', 7),
(502, 'Anisacate', 7),
(503, 'Arguello', 7),
(504, 'Arias', 7),
(505, 'Arroyito', 7),
(506, 'Arroyo Algodon', 7),
(507, 'Arroyo Cabral', 7),
(508, 'Arroyo Los Patos', 7),
(509, 'Assunta', 7),
(510, 'Atahona', 7),
(511, 'Ausonia', 7),
(512, 'Avellaneda', 7),
(513, 'Ballesteros', 7),
(514, 'Ballesteros Sud', 7),
(515, 'Balnearia', 7),
(516, 'Bañado de Soto', 7),
(517, 'Bell Ville', 7),
(518, 'Bengolea', 7),
(519, 'Benjamin Gould', 7),
(520, 'Berrotaran', 7),
(521, 'Bialet Masse', 7),
(522, 'Bouwer', 7),
(523, 'Brinkmann', 7),
(524, 'Buchardo', 7),
(525, 'Bulnes', 7),
(526, 'Cabalango', 7),
(527, 'Calamuchita', 7),
(528, 'Calchin', 7),
(529, 'Calchin Oeste', 7),
(530, 'Calmayo', 7),
(531, 'Camilo Aldao', 7),
(532, 'Caminiaga', 7),
(533, 'Cañada de Luque', 7),
(534, 'Cañada de Machado', 7),
(535, 'Cañada de Rio Pinto', 7),
(536, 'Cañada del Sauce', 7),
(537, 'Canals', 7),
(538, 'Candelaria Sud', 7),
(539, 'Capilla de Remedios', 7),
(540, 'Capilla de Siton', 7),
(541, 'Capilla del Carmen', 7),
(542, 'Capilla del Monte', 7),
(543, 'Capital', 7),
(544, 'Capitan Gral B. O´Higgins', 7),
(545, 'Carnerillo', 7),
(546, 'Carrilobo', 7),
(547, 'Casa Grande', 7),
(548, 'Cavanagh', 7),
(549, 'Cerro Colorado', 7),
(550, 'Chaján', 7),
(551, 'Chalacea', 7),
(552, 'Chañar Viejo', 7),
(553, 'Chancaní', 7),
(554, 'Charbonier', 7),
(555, 'Charras', 7),
(556, 'Chazón', 7),
(557, 'Chilibroste', 7),
(558, 'Chucul', 7),
(559, 'Chuña', 7),
(560, 'Chuña Huasi', 7),
(561, 'Churqui Cañada', 7),
(562, 'Cienaga Del Coro', 7),
(563, 'Cintra', 7),
(564, 'Col. Almada', 7),
(565, 'Col. Anita', 7),
(566, 'Col. Barge', 7),
(567, 'Col. Bismark', 7),
(568, 'Col. Bremen', 7),
(569, 'Col. Caroya', 7),
(570, 'Col. Italiana', 7),
(571, 'Col. Iturraspe', 7),
(572, 'Col. Las Cuatro Esquinas', 7),
(573, 'Col. Las Pichanas', 7),
(574, 'Col. Marina', 7),
(575, 'Col. Prosperidad', 7),
(576, 'Col. San Bartolome', 7),
(577, 'Col. San Pedro', 7),
(578, 'Col. Tirolesa', 7),
(579, 'Col. Vicente Aguero', 7),
(580, 'Col. Videla', 7),
(581, 'Col. Vignaud', 7),
(582, 'Col. Waltelina', 7),
(583, 'Colazo', 7),
(584, 'Comechingones', 7),
(585, 'Conlara', 7),
(586, 'Copacabana', 7),
(587, '7', 7),
(588, 'Coronel Baigorria', 7),
(589, 'Coronel Moldes', 7),
(590, 'Corral de Bustos', 7),
(591, 'Corralito', 7),
(592, 'Cosquín', 7),
(593, 'Costa Sacate', 7),
(594, 'Cruz Alta', 7),
(595, 'Cruz de Caña', 7),
(596, 'Cruz del Eje', 7),
(597, 'Cuesta Blanca', 7),
(598, 'Dean Funes', 7),
(599, 'Del Campillo', 7),
(600, 'Despeñaderos', 7),
(601, 'Devoto', 7),
(602, 'Diego de Rojas', 7),
(603, 'Dique Chico', 7),
(604, 'El Arañado', 7),
(605, 'El Brete', 7),
(606, 'El Chacho', 7),
(607, 'El Crispín', 7),
(608, 'El Fortín', 7),
(609, 'El Manzano', 7),
(610, 'El Rastreador', 7),
(611, 'El Rodeo', 7),
(612, 'El Tío', 7),
(613, 'Elena', 7),
(614, 'Embalse', 7),
(615, 'Esquina', 7),
(616, 'Estación Gral. Paz', 7),
(617, 'Estación Juárez Celman', 7),
(618, 'Estancia de Guadalupe', 7),
(619, 'Estancia Vieja', 7),
(620, 'Etruria', 7),
(621, 'Eufrasio Loza', 7),
(622, 'Falda del Carmen', 7),
(623, 'Freyre', 7),
(624, 'Gral. Baldissera', 7),
(625, 'Gral. Cabrera', 7),
(626, 'Gral. Deheza', 7),
(627, 'Gral. Fotheringham', 7),
(628, 'Gral. Levalle', 7),
(629, 'Gral. Roca', 7),
(630, 'Guanaco Muerto', 7),
(631, 'Guasapampa', 7),
(632, 'Guatimozin', 7),
(633, 'Gutenberg', 7),
(634, 'Hernando', 7),
(635, 'Huanchillas', 7),
(636, 'Huerta Grande', 7),
(637, 'Huinca Renanco', 7),
(638, 'Idiazabal', 7),
(639, 'Impira', 7),
(640, 'Inriville', 7),
(641, 'Isla Verde', 7),
(642, 'Italó', 7),
(643, 'James Craik', 7),
(644, 'Jesús María', 7),
(645, 'Jovita', 7),
(646, 'Justiniano Posse', 7),
(647, 'Km 658', 7),
(648, 'L. V. Mansilla', 7),
(649, 'La Batea', 7),
(650, 'La Calera', 7),
(651, 'La Carlota', 7),
(652, 'La Carolina', 7),
(653, 'La Cautiva', 7),
(654, 'La Cesira', 7),
(655, 'La Cruz', 7),
(656, 'La Cumbre', 7),
(657, 'La Cumbrecita', 7),
(658, 'La Falda', 7),
(659, 'La Francia', 7),
(660, 'La Granja', 7),
(661, 'La Higuera', 7),
(662, 'La Laguna', 7),
(663, 'La Paisanita', 7),
(664, 'La Palestina', 7),
(665, '12', 7),
(666, 'La Paquita', 7),
(667, 'La Para', 7),
(668, 'La Paz', 7),
(669, 'La Playa', 7),
(670, 'La Playosa', 7),
(671, 'La Población', 7),
(672, 'La Posta', 7),
(673, 'La Puerta', 7),
(674, 'La Quinta', 7),
(675, 'La Rancherita', 7),
(676, 'La Rinconada', 7),
(677, 'La Serranita', 7),
(678, 'La Tordilla', 7),
(679, 'Laborde', 7),
(680, 'Laboulaye', 7),
(681, 'Laguna Larga', 7),
(682, 'Las Acequias', 7),
(683, 'Las Albahacas', 7),
(684, 'Las Arrias', 7),
(685, 'Las Bajadas', 7),
(686, 'Las Caleras', 7),
(687, 'Las Calles', 7),
(688, 'Las Cañadas', 7),
(689, 'Las Gramillas', 7),
(690, 'Las Higueras', 7),
(691, 'Las Isletillas', 7),
(692, 'Las Junturas', 7),
(693, 'Las Palmas', 7),
(694, 'Las Peñas', 7),
(695, 'Las Peñas Sud', 7),
(696, 'Las Perdices', 7),
(697, 'Las Playas', 7),
(698, 'Las Rabonas', 7),
(699, 'Las Saladas', 7),
(700, 'Las Tapias', 7),
(701, 'Las Varas', 7),
(702, 'Las Varillas', 7),
(703, 'Las Vertientes', 7),
(704, 'Leguizamón', 7),
(705, 'Leones', 7),
(706, 'Los Cedros', 7),
(707, 'Los Cerrillos', 7),
(708, 'Los Chañaritos (C.E)', 7),
(709, 'Los Chanaritos (R.S)', 7),
(710, 'Los Cisnes', 7),
(711, 'Los Cocos', 7),
(712, 'Los Cóndores', 7),
(713, 'Los Hornillos', 7),
(714, 'Los Hoyos', 7),
(715, 'Los Mistoles', 7),
(716, 'Los Molinos', 7),
(717, 'Los Pozos', 7),
(718, 'Los Reartes', 7),
(719, 'Los Surgentes', 7),
(720, 'Los Talares', 7),
(721, 'Los Zorros', 7),
(722, 'Lozada', 7),
(723, 'Luca', 7),
(724, 'Luque', 7),
(725, 'Luyaba', 7),
(726, 'Malagueño', 7),
(727, 'Malena', 7),
(728, 'Malvinas Argentinas', 7),
(729, 'Manfredi', 7),
(730, 'Maquinista Gallini', 7),
(731, 'Marcos Juárez', 7),
(732, 'Marull', 7),
(733, 'Matorrales', 7),
(734, 'Mattaldi', 7),
(735, 'Mayu Sumaj', 7),
(736, 'Media Naranja', 7),
(737, 'Melo', 7),
(738, 'Mendiolaza', 7),
(739, 'Mi Granja', 7),
(740, 'Mina Clavero', 7),
(741, 'Miramar', 7),
(742, 'Morrison', 7),
(743, 'Morteros', 7),
(744, 'Mte. Buey', 7),
(745, 'Mte. Cristo', 7),
(746, 'Mte. De Los Gauchos', 7),
(747, 'Mte. Leña', 7),
(748, 'Mte. Maíz', 7),
(749, 'Mte. Ralo', 7),
(750, 'Nicolás Bruzone', 7),
(751, 'Noetinger', 7),
(752, 'Nono', 7),
(753, 'Nueva 7', 7),
(754, 'Obispo Trejo', 7),
(755, 'Olaeta', 7),
(756, 'Oliva', 7),
(757, 'Olivares San Nicolás', 7),
(758, 'Onagolty', 7),
(759, 'Oncativo', 7),
(760, 'Ordoñez', 7),
(761, 'Pacheco De Melo', 7),
(762, 'Pampayasta N.', 7),
(763, 'Pampayasta S.', 7),
(764, 'Panaholma', 7),
(765, 'Pascanas', 7),
(766, 'Pasco', 7),
(767, 'Paso del Durazno', 7),
(768, 'Paso Viejo', 7),
(769, 'Pilar', 7),
(770, 'Pincén', 7),
(771, 'Piquillín', 7),
(772, 'Plaza de Mercedes', 7),
(773, 'Plaza Luxardo', 7),
(774, 'Porteña', 7),
(775, 'Potrero de Garay', 7),
(776, 'Pozo del Molle', 7),
(777, 'Pozo Nuevo', 7),
(778, 'Pueblo Italiano', 7),
(779, 'Puesto de Castro', 7),
(780, 'Punta del Agua', 7),
(781, 'Quebracho Herrado', 7),
(782, 'Quilino', 7),
(783, 'Rafael García', 7),
(784, 'Ranqueles', 7),
(785, 'Rayo Cortado', 7),
(786, 'Reducción', 7),
(787, 'Rincón', 7),
(788, 'Río Bamba', 7),
(789, 'Río Ceballos', 7),
(790, 'Río Cuarto', 7),
(791, 'Río de Los Sauces', 7),
(792, 'Río Primero', 7),
(793, 'Río Segundo', 7),
(794, 'Río Tercero', 7),
(795, 'Rosales', 7),
(796, 'Rosario del Saladillo', 7),
(797, 'Sacanta', 7),
(798, 'Sagrada Familia', 7),
(799, 'Saira', 7),
(800, 'Saladillo', 7),
(801, 'Saldán', 7),
(802, 'Salsacate', 7),
(803, 'Salsipuedes', 7),
(804, 'Sampacho', 7),
(805, 'San Agustín', 7),
(806, 'San Antonio de Arredondo', 7),
(807, 'San Antonio de Litín', 7),
(808, 'San Basilio', 7),
(809, 'San Carlos Minas', 7),
(810, 'San Clemente', 7),
(811, 'San Esteban', 7),
(812, 'San Francisco', 7),
(813, 'San Ignacio', 7),
(814, 'San Javier', 7),
(815, 'San Jerónimo', 7),
(816, 'San Joaquín', 7),
(817, 'San José de La Dormida', 7),
(818, 'San José de Las Salinas', 7),
(819, 'San Lorenzo', 7),
(820, 'San Marcos Sierras', 7),
(821, 'San Marcos Sud', 7),
(822, 'San Pedro', 7),
(823, 'San Pedro N.', 7),
(824, 'San Roque', 7),
(825, 'San Vicente', 7),
(826, 'Santa Catalina', 7),
(827, 'Santa Elena', 7),
(828, 'Santa Eufemia', 7),
(829, 'Santa Maria', 7),
(830, 'Sarmiento', 7),
(831, 'Saturnino M.Laspiur', 7),
(832, 'Sauce Arriba', 7),
(833, 'Sebastián Elcano', 7),
(834, 'Seeber', 7),
(835, 'Segunda Usina', 7),
(836, 'Serrano', 7),
(837, 'Serrezuela', 7),
(838, 'Sgo. Temple', 7),
(839, 'Silvio Pellico', 7),
(840, 'Simbolar', 7),
(841, 'Sinsacate', 7),
(842, 'Sta. Rosa de Calamuchita', 7),
(843, 'Sta. Rosa de Río Primero', 7),
(844, 'Suco', 7),
(845, 'Tala Cañada', 7),
(846, 'Tala Huasi', 7),
(847, 'Talaini', 7),
(848, 'Tancacha', 7),
(849, 'Tanti', 7),
(850, 'Ticino', 7),
(851, 'Tinoco', 7),
(852, 'Tío Pujio', 7),
(853, 'Toledo', 7),
(854, 'Toro Pujio', 7),
(855, 'Tosno', 7),
(856, 'Tosquita', 7),
(857, 'Tránsito', 7),
(858, 'Tuclame', 7),
(859, 'Tutti', 7),
(860, 'Ucacha', 7),
(861, 'Unquillo', 7),
(862, 'Valle de Anisacate', 7),
(863, 'Valle Hermoso', 7),
(864, 'Vélez Sarfield', 7),
(865, 'Viamonte', 7),
(866, 'Vicuña Mackenna', 7),
(867, 'Villa Allende', 7),
(868, 'Villa Amancay', 7),
(869, 'Villa Ascasubi', 7),
(870, 'Villa Candelaria N.', 7),
(871, 'Villa Carlos Paz', 7),
(872, 'Villa Cerro Azul', 7),
(873, 'Villa Ciudad de América', 7),
(874, 'Villa Ciudad Pque Los Reartes', 7),
(875, 'Villa Concepción del Tío', 7),
(876, 'Villa Cura Brochero', 7),
(877, 'Villa de Las Rosas', 7),
(878, 'Villa de María', 7),
(879, 'Villa de Pocho', 7),
(880, 'Villa de Soto', 7),
(881, 'Villa del Dique', 7),
(882, 'Villa del Prado', 7),
(883, 'Villa del Rosario', 7),
(884, 'Villa del Totoral', 7),
(885, 'Villa Dolores', 7),
(886, 'Villa El Chancay', 7),
(887, 'Villa Elisa', 7),
(888, 'Villa Flor Serrana', 7),
(889, 'Villa Fontana', 7),
(890, 'Villa Giardino', 7),
(891, 'Villa Gral. Belgrano', 7),
(892, 'Villa Gutierrez', 7),
(893, 'Villa Huidobro', 7),
(894, 'Villa La Bolsa', 7),
(895, 'Villa Los Aromos', 7),
(896, 'Villa Los Patos', 7),
(897, 'Villa María', 7),
(898, 'Villa Nueva', 7),
(899, 'Villa Pque. Santa Ana', 7),
(900, 'Villa Pque. Siquiman', 7),
(901, 'Villa Quillinzo', 7),
(902, 'Villa Rossi', 7),
(903, 'Villa Rumipal', 7),
(904, 'Villa San Esteban', 7),
(905, 'Villa San Isidro', 7),
(906, 'Villa 21', 7),
(907, 'Villa Sarmiento (G.R)', 7),
(908, 'Villa Sarmiento (S.A)', 7),
(909, 'Villa Tulumba', 7),
(910, 'Villa Valeria', 7),
(911, 'Villa Yacanto', 7),
(912, 'Washington', 7),
(913, 'Wenceslao Escalante', 7),
(914, 'Ycho Cruz Sierras', 7),
(915, 'Alvear', 8),
(916, 'Bella Vista', 8),
(917, 'Berón de Astrada', 8),
(918, 'Bonpland', 8),
(919, 'Caá Cati', 8),
(920, 'Capital', 8),
(921, 'Chavarría', 8),
(922, 'Col. C. Pellegrini', 8),
(923, 'Col. Libertad', 8),
(924, 'Col. Liebig', 8),
(925, 'Col. Sta Rosa', 8),
(926, 'Concepción', 8),
(927, 'Cruz de Los Milagros', 8),
(928, 'Curuzú-Cuatiá', 8),
(929, 'Empedrado', 8),
(930, 'Esquina', 8),
(931, 'Estación Torrent', 8),
(932, 'Felipe Yofré', 8),
(933, 'Garruchos', 8),
(934, 'Gdor. Agrónomo', 8),
(935, 'Gdor. Martínez', 8),
(936, 'Goya', 8),
(937, 'Guaviravi', 8),
(938, 'Herlitzka', 8),
(939, 'Ita-Ibate', 8),
(940, 'Itatí', 8),
(941, 'Ituzaingó', 8),
(942, 'José Rafael Gómez', 8),
(943, 'Juan Pujol', 8),
(944, 'La Cruz', 8),
(945, 'Lavalle', 8),
(946, 'Lomas de Vallejos', 8),
(947, 'Loreto', 8),
(948, 'Mariano I. Loza', 8),
(949, 'Mburucuyá', 8),
(950, 'Mercedes', 8),
(951, 'Mocoretá', 8),
(952, 'Mte. Caseros', 8),
(953, 'Nueve de Julio', 8),
(954, 'Palmar Grande', 8),
(955, 'Parada Pucheta', 8),
(956, 'Paso de La Patria', 8),
(957, 'Paso de Los Libres', 8),
(958, 'Pedro R. Fernandez', 8),
(959, 'Perugorría', 8),
(960, 'Pueblo Libertador', 8),
(961, 'Ramada Paso', 8),
(962, 'Riachuelo', 8),
(963, 'Saladas', 8),
(964, 'San Antonio', 8),
(965, 'San Carlos', 8),
(966, 'San Cosme', 8),
(967, 'San Lorenzo', 8),
(968, '20 del Palmar', 8),
(969, 'San Miguel', 8),
(970, 'San Roque', 8),
(971, 'Santa Ana', 8),
(972, 'Santa Lucía', 8),
(973, 'Santo Tomé', 8),
(974, 'Sauce', 8),
(975, 'Tabay', 8),
(976, 'Tapebicuá', 8),
(977, 'Tatacua', 8),
(978, 'Virasoro', 8),
(979, 'Yapeyú', 8),
(980, 'Yataití Calle', 8),
(981, 'Alarcón', 9),
(982, 'Alcaraz', 9),
(983, 'Alcaraz N.', 9),
(984, 'Alcaraz S.', 9),
(985, 'Aldea Asunción', 9),
(986, 'Aldea Brasilera', 9),
(987, 'Aldea Elgenfeld', 9),
(988, 'Aldea Grapschental', 9),
(989, 'Aldea Ma. Luisa', 9),
(990, 'Aldea Protestante', 9),
(991, 'Aldea Salto', 9),
(992, 'Aldea San Antonio (G)', 9),
(993, 'Aldea San Antonio (P)', 9),
(994, 'Aldea 19', 9),
(995, 'Aldea San Miguel', 9),
(996, 'Aldea San Rafael', 9),
(997, 'Aldea Spatzenkutter', 9),
(998, 'Aldea Sta. María', 9),
(999, 'Aldea Sta. Rosa', 9),
(1000, 'Aldea Valle María', 9),
(1001, 'Altamirano Sur', 9),
(1002, 'Antelo', 9),
(1003, 'Antonio Tomás', 9),
(1004, 'Aranguren', 9),
(1005, 'Arroyo Barú', 9),
(1006, 'Arroyo Burgos', 9),
(1007, 'Arroyo Clé', 9),
(1008, 'Arroyo Corralito', 9),
(1009, 'Arroyo del Medio', 9),
(1010, 'Arroyo Maturrango', 9),
(1011, 'Arroyo Palo Seco', 9),
(1012, 'Banderas', 9),
(1013, 'Basavilbaso', 9),
(1014, 'Betbeder', 9),
(1015, 'Bovril', 9),
(1016, 'Caseros', 9),
(1017, 'Ceibas', 9),
(1018, 'Cerrito', 9),
(1019, 'Chajarí', 9),
(1020, 'Chilcas', 9),
(1021, 'Clodomiro Ledesma', 9),
(1022, 'Col. Alemana', 9),
(1023, 'Col. Avellaneda', 9),
(1024, 'Col. Avigdor', 9),
(1025, 'Col. Ayuí', 9),
(1026, 'Col. Baylina', 9),
(1027, 'Col. Carrasco', 9),
(1028, 'Col. Celina', 9),
(1029, 'Col. Cerrito', 9),
(1030, 'Col. Crespo', 9),
(1031, 'Col. Elia', 9),
(1032, 'Col. Ensayo', 9),
(1033, 'Col. Gral. Roca', 9),
(1034, 'Col. La Argentina', 9),
(1035, 'Col. Merou', 9),
(1036, 'Col. Oficial Nª3', 9),
(1037, 'Col. Oficial Nº13', 9),
(1038, 'Col. Oficial Nº14', 9),
(1039, 'Col. Oficial Nº5', 9),
(1040, 'Col. Reffino', 9),
(1041, 'Col. Tunas', 9),
(1042, 'Col. Viraró', 9),
(1043, 'Colón', 9),
(1044, 'Concepción del Uruguay', 9),
(1045, 'Concordia', 9),
(1046, 'Conscripto Bernardi', 9),
(1047, 'Costa Grande', 9),
(1048, 'Costa San Antonio', 9),
(1049, 'Costa Uruguay N.', 9),
(1050, 'Costa Uruguay S.', 9),
(1051, 'Crespo', 9),
(1052, 'Crucecitas 3ª', 9),
(1053, 'Crucecitas 7ª', 9),
(1054, 'Crucecitas 8ª', 9),
(1055, 'Cuchilla Redonda', 9),
(1056, 'Curtiembre', 9),
(1057, 'Diamante', 9),
(1058, 'Distrito 6º', 9),
(1059, 'Distrito Chañar', 9),
(1060, 'Distrito Chiqueros', 9),
(1061, 'Distrito Cuarto', 9),
(1062, 'Distrito Diego López', 9),
(1063, 'Distrito Pajonal', 9),
(1064, 'Distrito Sauce', 9),
(1065, 'Distrito Tala', 9),
(1066, 'Distrito Talitas', 9),
(1067, 'Don Cristóbal 1ª Sección', 9),
(1068, 'Don Cristóbal 2ª Sección', 9),
(1069, 'Durazno', 9),
(1070, 'El Cimarrón', 9),
(1071, 'El Gramillal', 9),
(1072, 'El Palenque', 9),
(1073, 'El Pingo', 9),
(1074, 'El Quebracho', 9),
(1075, 'El Redomón', 9),
(1076, 'El Solar', 9),
(1077, 'Enrique Carbo', 9),
(1078, '9', 9),
(1079, 'Espinillo N.', 9),
(1080, 'Estación Campos', 9),
(1081, 'Estación Escriña', 9),
(1082, 'Estación Lazo', 9),
(1083, 'Estación Raíces', 9),
(1084, 'Estación Yerúa', 9),
(1085, 'Estancia Grande', 9),
(1086, 'Estancia Líbaros', 9),
(1087, 'Estancia Racedo', 9),
(1088, 'Estancia Solá', 9),
(1089, 'Estancia Yuquerí', 9),
(1090, 'Estaquitas', 9),
(1091, 'Faustino M. Parera', 9),
(1092, 'Febre', 9),
(1093, 'Federación', 9),
(1094, 'Federal', 9),
(1095, 'Gdor. Echagüe', 9),
(1096, 'Gdor. Mansilla', 9),
(1097, 'Gilbert', 9),
(1098, 'González Calderón', 9),
(1099, 'Gral. Almada', 9),
(1100, 'Gral. Alvear', 9),
(1101, 'Gral. Campos', 9),
(1102, 'Gral. Galarza', 9),
(1103, 'Gral. Ramírez', 9),
(1104, 'Gualeguay', 9),
(1105, 'Gualeguaychú', 9),
(1106, 'Gualeguaycito', 9),
(1107, 'Guardamonte', 9),
(1108, 'Hambis', 9),
(1109, 'Hasenkamp', 9),
(1110, 'Hernandarias', 9),
(1111, 'Hernández', 9),
(1112, 'Herrera', 9),
(1113, 'Hinojal', 9),
(1114, 'Hocker', 9),
(1115, 'Ing. Sajaroff', 9),
(1116, 'Irazusta', 9),
(1117, 'Isletas', 9),
(1118, 'J.J De Urquiza', 9),
(1119, 'Jubileo', 9),
(1120, 'La Clarita', 9),
(1121, 'La Criolla', 9),
(1122, 'La Esmeralda', 9),
(1123, 'La Florida', 9),
(1124, 'La Fraternidad', 9),
(1125, 'La Hierra', 9),
(1126, 'La Ollita', 9),
(1127, 'La Paz', 9),
(1128, 'La Picada', 9),
(1129, 'La Providencia', 9),
(1130, 'La Verbena', 9),
(1131, 'Laguna Benítez', 9),
(1132, 'Larroque', 9),
(1133, 'Las Cuevas', 9),
(1134, 'Las Garzas', 9),
(1135, 'Las Guachas', 9),
(1136, 'Las Mercedes', 9),
(1137, 'Las Moscas', 9),
(1138, 'Las Mulitas', 9),
(1139, 'Las Toscas', 9),
(1140, 'Laurencena', 9),
(1141, 'Libertador San Martín', 9),
(1142, 'Loma Limpia', 9),
(1143, 'Los Ceibos', 9),
(1144, 'Los Charruas', 9),
(1145, 'Los Conquistadores', 9),
(1146, 'Lucas González', 9),
(1147, 'Lucas N.', 9),
(1148, 'Lucas S. 1ª', 9),
(1149, 'Lucas S. 2ª', 9),
(1150, 'Maciá', 9),
(1151, 'María Grande', 9),
(1152, 'María Grande 2ª', 9),
(1153, 'Médanos', 9),
(1154, 'Mojones N.', 9),
(1155, 'Mojones S.', 9),
(1156, 'Molino Doll', 9),
(1157, 'Monte Redondo', 9),
(1158, 'Montoya', 9),
(1159, 'Mulas Grandes', 9),
(1160, 'Ñancay', 9),
(1161, 'Nogoyá', 9),
(1162, 'Nueva Escocia', 9),
(1163, 'Nueva Vizcaya', 9),
(1164, 'Ombú', 9),
(1165, 'Oro Verde', 9),
(1166, 'Paraná', 9),
(1167, 'Pasaje Guayaquil', 9),
(1168, 'Pasaje Las Tunas', 9),
(1169, 'Paso de La Arena', 9),
(1170, 'Paso de La Laguna', 9),
(1171, 'Paso de Las Piedras', 9),
(1172, 'Paso Duarte', 9),
(1173, 'Pastor Britos', 9),
(1174, 'Pedernal', 9),
(1175, 'Perdices', 9),
(1176, 'Picada Berón', 9),
(1177, 'Piedras Blancas', 9),
(1178, 'Primer Distrito Cuchilla', 9),
(1179, 'Primero de Mayo', 9),
(1180, 'Pronunciamiento', 9),
(1181, 'Pto. Algarrobo', 9),
(1182, 'Pto. Ibicuy', 9),
(1183, 'Pueblo Brugo', 9),
(1184, 'Pueblo Cazes', 9),
(1185, 'Pueblo Gral. Belgrano', 9),
(1186, 'Pueblo Liebig', 9),
(1187, 'Puerto Yeruá', 9),
(1188, 'Punta del Monte', 9),
(1189, 'Quebracho', 9),
(1190, 'Quinto Distrito', 9),
(1191, 'Raices Oeste', 9),
(1192, 'Rincón de Nogoyá', 9),
(1193, 'Rincón del Cinto', 9),
(1194, 'Rincón del Doll', 9),
(1195, 'Rincón del Gato', 9),
(1196, 'Rocamora', 9),
(1197, 'Rosario del Tala', 9),
(1198, 'San Benito', 9),
(1199, 'San Cipriano', 9),
(1200, 'San Ernesto', 9),
(1201, 'San Gustavo', 9),
(1202, 'San Jaime', 9),
(1203, 'San José', 9),
(1204, 'San José de Feliciano', 9),
(1205, 'San Justo', 9),
(1206, 'San Marcial', 9),
(1207, 'San Pedro', 9),
(1208, 'San Ramírez', 9),
(1209, 'San Ramón', 9),
(1210, 'San Roque', 9),
(1211, 'San Salvador', 9),
(1212, 'San Víctor', 9),
(1213, 'Santa Ana', 9),
(1214, 'Santa Anita', 9),
(1215, 'Santa Elena', 9),
(1216, 'Santa Lucía', 9),
(1217, 'Santa Luisa', 9),
(1218, 'Sauce de Luna', 9),
(1219, 'Sauce Montrull', 9),
(1220, 'Sauce Pinto', 9),
(1221, 'Sauce Sur', 9),
(1222, 'Seguí', 9),
(1223, 'Sir Leonard', 9),
(1224, 'Sosa', 9),
(1225, 'Tabossi', 9),
(1226, 'Tezanos Pinto', 9),
(1227, 'Ubajay', 9),
(1228, 'Urdinarrain', 9),
(1229, 'Veinte de Septiembre', 9),
(1230, 'Viale', 9),
(1231, 'Victoria', 9),
(1232, 'Villa Clara', 9),
(1233, 'Villa del Rosario', 9),
(1234, 'Villa Domínguez', 9),
(1235, 'Villa Elisa', 9),
(1236, 'Villa Fontana', 9),
(1237, 'Villa Gdor. Etchevehere', 9),
(1238, 'Villa Mantero', 9),
(1239, 'Villa Paranacito', 9),
(1240, 'Villa Urquiza', 9),
(1241, 'Villaguay', 9),
(1242, 'Walter Moss', 9),
(1243, 'Yacaré', 9),
(1244, 'Yeso Oeste', 9),
(1245, 'Buena Vista', 10),
(1246, 'Clorinda', 10),
(1247, 'Col. Pastoril', 10),
(1248, 'Cte. Fontana', 10),
(1249, 'El Colorado', 10),
(1250, 'El Espinillo', 10),
(1251, 'Estanislao Del Campo', 10),
(1252, '10', 10),
(1253, 'Fortín Lugones', 10),
(1254, 'Gral. Lucio V. Mansilla', 10),
(1255, 'Gral. Manuel Belgrano', 10),
(1256, 'Gral. Mosconi', 10),
(1257, 'Gran Guardia', 10),
(1258, 'Herradura', 10),
(1259, 'Ibarreta', 10),
(1260, 'Ing. Juárez', 10),
(1261, 'Laguna Blanca', 10),
(1262, 'Laguna Naick Neck', 10),
(1263, 'Laguna Yema', 10),
(1264, 'Las Lomitas', 10),
(1265, 'Los Chiriguanos', 10),
(1266, 'Mayor V. Villafañe', 10),
(1267, 'Misión San Fco.', 10),
(1268, 'Palo Santo', 10),
(1269, 'Pirané', 10),
(1270, 'Pozo del Maza', 10),
(1271, 'Riacho He-He', 10),
(1272, 'San Hilario', 10),
(1273, 'San Martín II', 10),
(1274, 'Siete Palmas', 10),
(1275, 'Subteniente Perín', 10),
(1276, 'Tres Lagunas', 10),
(1277, 'Villa Dos Trece', 10),
(1278, 'Villa Escolar', 10),
(1279, 'Villa Gral. Güemes', 10),
(1280, 'Abdon Castro Tolay', 11),
(1281, 'Abra Pampa', 11),
(1282, 'Abralaite', 11),
(1283, 'Aguas Calientes', 11),
(1284, 'Arrayanal', 11),
(1285, 'Barrios', 11),
(1286, 'Caimancito', 11),
(1287, 'Calilegua', 11),
(1288, 'Cangrejillos', 11),
(1289, 'Caspala', 11),
(1290, 'Catuá', 11),
(1291, 'Cieneguillas', 11),
(1292, 'Coranzulli', 11),
(1293, 'Cusi-Cusi', 11),
(1294, 'El Aguilar', 11),
(1295, 'El Carmen', 11),
(1296, 'El Cóndor', 11),
(1297, 'El Fuerte', 11),
(1298, 'El Piquete', 11),
(1299, 'El Talar', 11),
(1300, 'Fraile Pintado', 11),
(1301, 'Hipólito Yrigoyen', 11),
(1302, 'Huacalera', 11),
(1303, 'Humahuaca', 11),
(1304, 'La Esperanza', 11),
(1305, 'La Mendieta', 11),
(1306, 'La Quiaca', 11),
(1307, 'Ledesma', 11),
(1308, 'Libertador Gral. San Martin', 11),
(1309, 'Maimara', 11),
(1310, 'Mina Pirquitas', 11),
(1311, 'Monterrico', 11),
(1312, 'Palma Sola', 11),
(1313, 'Palpalá', 11),
(1314, 'Pampa Blanca', 11),
(1315, 'Pampichuela', 11),
(1316, 'Perico', 11),
(1317, 'Puesto del Marqués', 11),
(1318, 'Puesto Viejo', 11),
(1319, 'Pumahuasi', 11),
(1320, 'Purmamarca', 11),
(1321, 'Rinconada', 11),
(1322, 'Rodeitos', 11),
(1323, 'Rosario de Río Grande', 11),
(1324, 'San Antonio', 11),
(1325, 'San Francisco', 11),
(1326, 'San Pedro', 11),
(1327, 'San Rafael', 11),
(1328, 'San Salvador', 11),
(1329, 'Santa Ana', 11),
(1330, 'Santa Catalina', 11),
(1331, 'Santa Clara', 11),
(1332, 'Susques', 11),
(1333, 'Tilcara', 11),
(1334, 'Tres Cruces', 11),
(1335, 'Tumbaya', 11),
(1336, 'Valle Grande', 11),
(1337, 'Vinalito', 11),
(1338, 'Volcán', 11),
(1339, 'Yala', 11),
(1340, 'Yaví', 11),
(1341, 'Yuto', 11),
(1342, 'Abramo', 12),
(1343, 'Adolfo Van Praet', 12),
(1344, 'Agustoni', 12),
(1345, 'Algarrobo del Aguila', 12),
(1346, 'Alpachiri', 12),
(1347, 'Alta Italia', 12),
(1348, 'Anguil', 12),
(1349, 'Arata', 12),
(1350, 'Ataliva Roca', 12),
(1351, 'Bernardo Larroude', 12),
(1352, 'Bernasconi', 12),
(1353, 'Caleufú', 12),
(1354, 'Carro Quemado', 12),
(1355, 'Catriló', 12),
(1356, 'Ceballos', 12),
(1357, 'Chacharramendi', 12),
(1358, 'Col. Barón', 12),
(1359, 'Col. Santa María', 12),
(1360, 'Conhelo', 12),
(1361, 'Coronel Hilario Lagos', 12),
(1362, 'Cuchillo-Có', 12),
(1363, 'Doblas', 12),
(1364, 'Dorila', 12),
(1365, 'Eduardo Castex', 12),
(1366, 'Embajador Martini', 12),
(1367, 'Falucho', 12),
(1368, 'Gral. Acha', 12),
(1369, 'Gral. Manuel Campos', 12),
(1370, 'Gral. Pico', 12),
(1371, 'Guatraché', 12),
(1372, 'Ing. Luiggi', 12),
(1373, 'Intendente Alvear', 12),
(1374, 'Jacinto Arauz', 12),
(1375, 'La Adela', 12),
(1376, 'La Humada', 12),
(1377, 'La Maruja', 12),
(1378, '12', 12),
(1379, 'La Reforma', 12),
(1380, 'Limay Mahuida', 12),
(1381, 'Lonquimay', 12),
(1382, 'Loventuel', 12),
(1383, 'Luan Toro', 12),
(1384, 'Macachín', 12),
(1385, 'Maisonnave', 12),
(1386, 'Mauricio Mayer', 12),
(1387, 'Metileo', 12),
(1388, 'Miguel Cané', 12),
(1389, 'Miguel Riglos', 12),
(1390, 'Monte Nievas', 12),
(1391, 'Parera', 12),
(1392, 'Perú', 12),
(1393, 'Pichi-Huinca', 12),
(1394, 'Puelches', 12),
(1395, 'Puelén', 12),
(1396, 'Quehue', 12),
(1397, 'Quemú Quemú', 12),
(1398, 'Quetrequén', 12),
(1399, 'Rancul', 12),
(1400, 'Realicó', 12),
(1401, 'Relmo', 12),
(1402, 'Rolón', 12),
(1403, 'Rucanelo', 12),
(1404, 'Sarah', 12),
(1405, 'Speluzzi', 12),
(1406, 'Sta. Isabel', 12),
(1407, 'Sta. Rosa', 12),
(1408, 'Sta. Teresa', 12),
(1409, 'Telén', 12),
(1410, 'Toay', 12),
(1411, 'Tomas M. de Anchorena', 12),
(1412, 'Trenel', 12),
(1413, 'Unanue', 12),
(1414, 'Uriburu', 12),
(1415, 'Veinticinco de Mayo', 12),
(1416, 'Vertiz', 12),
(1417, 'Victorica', 12),
(1418, 'Villa Mirasol', 12),
(1419, 'Winifreda', 12),
(1420, 'Arauco', 13),
(1421, 'Capital', 13),
(1422, 'Castro Barros', 13),
(1423, 'Chamical', 13),
(1424, 'Chilecito', 13),
(1425, 'Coronel F. Varela', 13),
(1426, 'Famatina', 13),
(1427, 'Gral. A.V.Peñaloza', 13),
(1428, 'Gral. Belgrano', 13),
(1429, 'Gral. J.F. Quiroga', 13),
(1430, 'Gral. Lamadrid', 13),
(1431, 'Gral. Ocampo', 13),
(1432, 'Gral. San Martín', 13),
(1433, 'Independencia', 13),
(1434, 'Rosario Penaloza', 13),
(1435, 'San Blas de Los Sauces', 13),
(1436, 'Sanagasta', 13),
(1437, 'Vinchina', 13),
(1438, 'Capital', 14),
(1439, 'Chacras de Coria', 14),
(1440, 'Dorrego', 14),
(1441, 'Gllen', 14),
(1442, 'Godoy Cruz', 14),
(1443, 'Gral. Alvear', 14),
(1444, 'Guaymallén', 14),
(1445, 'Junín', 14),
(1446, 'La Paz', 14),
(1447, 'Las Heras', 14),
(1448, 'Lavalle', 14),
(1449, 'Luján', 14),
(1450, 'Luján De Cuyo', 14),
(1451, 'Maipú', 14),
(1452, 'Malargüe', 14),
(1453, 'Rivadavia', 14),
(1454, 'San Carlos', 14),
(1455, 'San Martín', 14),
(1456, 'San Rafael', 14),
(1457, 'Sta. Rosa', 14),
(1458, 'Tunuyán', 14),
(1459, 'Tupungato', 14),
(1460, 'Villa Nueva', 14),
(1461, 'Alba Posse', 15),
(1462, 'Almafuerte', 15),
(1463, 'Apóstoles', 15),
(1464, 'Aristóbulo Del Valle', 15),
(1465, 'Arroyo Del Medio', 15),
(1466, 'Azara', 15),
(1467, 'Bdo. De Irigoyen', 15),
(1468, 'Bonpland', 15),
(1469, 'Caá Yari', 15),
(1470, 'Campo Grande', 15),
(1471, 'Campo Ramón', 15),
(1472, 'Campo Viera', 15),
(1473, 'Candelaria', 15),
(1474, 'Capioví', 15),
(1475, 'Caraguatay', 15),
(1476, 'Cdte. Guacurarí', 15),
(1477, 'Cerro Azul', 15),
(1478, 'Cerro Corá', 15),
(1479, 'Col. Alberdi', 15),
(1480, 'Col. Aurora', 15),
(1481, 'Col. Delicia', 15),
(1482, 'Col. Polana', 15),
(1483, 'Col. Victoria', 15),
(1484, 'Col. Wanda', 15),
(1485, 'Concepción De La Sierra', 15),
(1486, 'Corpus', 15),
(1487, 'Dos Arroyos', 15),
(1488, 'Dos de Mayo', 15),
(1489, 'El Alcázar', 15),
(1490, 'El Dorado', 15),
(1491, 'El Soberbio', 15),
(1492, 'Esperanza', 15),
(1493, 'F. Ameghino', 15),
(1494, 'Fachinal', 15),
(1495, 'Garuhapé', 15),
(1496, 'Garupá', 15),
(1497, 'Gdor. López', 15),
(1498, 'Gdor. Roca', 15),
(1499, 'Gral. Alvear', 15),
(1500, 'Gral. Urquiza', 15),
(1501, 'Guaraní', 15),
(1502, 'H. Yrigoyen', 15),
(1503, 'Iguazú', 15),
(1504, 'Itacaruaré', 15),
(1505, 'Jardín América', 15),
(1506, 'Leandro N. Alem', 15),
(1507, 'Libertad', 15),
(1508, 'Loreto', 15),
(1509, 'Los Helechos', 15),
(1510, 'Mártires', 15),
(1511, '15', 15),
(1512, 'Mojón Grande', 15),
(1513, 'Montecarlo', 15),
(1514, 'Nueve de Julio', 15),
(1515, 'Oberá', 15),
(1516, 'Olegario V. Andrade', 15),
(1517, 'Panambí', 15),
(1518, 'Posadas', 15),
(1519, 'Profundidad', 15),
(1520, 'Pto. Iguazú', 15),
(1521, 'Pto. Leoni', 15),
(1522, 'Pto. Piray', 15),
(1523, 'Pto. Rico', 15),
(1524, 'Ruiz de Montoya', 15),
(1525, 'San Antonio', 15),
(1526, 'San Ignacio', 15),
(1527, 'San Javier', 15),
(1528, 'San José', 15),
(1529, 'San Martín', 15),
(1530, 'San Pedro', 15),
(1531, 'San Vicente', 15),
(1532, 'Santiago De Liniers', 15),
(1533, 'Santo Pipo', 15),
(1534, 'Sta. Ana', 15),
(1535, 'Sta. María', 15),
(1536, 'Tres Capones', 15),
(1537, 'Veinticinco de Mayo', 15),
(1538, 'Wanda', 15),
(1539, 'Aguada San Roque', 16),
(1540, 'Aluminé', 16),
(1541, 'Andacollo', 16),
(1542, 'Añelo', 16),
(1543, 'Bajada del Agrio', 16),
(1544, 'Barrancas', 16),
(1545, 'Buta Ranquil', 16),
(1546, 'Capital', 16),
(1547, 'Caviahué', 16),
(1548, 'Centenario', 16),
(1549, 'Chorriaca', 16),
(1550, 'Chos Malal', 16),
(1551, 'Cipolletti', 16),
(1552, 'Covunco Abajo', 16),
(1553, 'Coyuco Cochico', 16),
(1554, 'Cutral Có', 16),
(1555, 'El Cholar', 16),
(1556, 'El Huecú', 16),
(1557, 'El Sauce', 16),
(1558, 'Guañacos', 16),
(1559, 'Huinganco', 16),
(1560, 'Las Coloradas', 16),
(1561, 'Las Lajas', 16),
(1562, 'Las Ovejas', 16),
(1563, 'Loncopué', 16),
(1564, 'Los Catutos', 16),
(1565, 'Los Chihuidos', 16),
(1566, 'Los Miches', 16),
(1567, 'Manzano Amargo', 16),
(1568, '16', 16),
(1569, 'Octavio Pico', 16),
(1570, 'Paso Aguerre', 16),
(1571, 'Picún Leufú', 16),
(1572, 'Piedra del Aguila', 16),
(1573, 'Pilo Lil', 16),
(1574, 'Plaza Huincul', 16),
(1575, 'Plottier', 16),
(1576, 'Quili Malal', 16),
(1577, 'Ramón Castro', 16),
(1578, 'Rincón de Los Sauces', 16),
(1579, 'San Martín de Los Andes', 16),
(1580, 'San Patricio del Chañar', 16),
(1581, 'Santo Tomás', 16),
(1582, 'Sauzal Bonito', 16),
(1583, 'Senillosa', 16),
(1584, 'Taquimilán', 16),
(1585, 'Tricao Malal', 16),
(1586, 'Varvarco', 16),
(1587, 'Villa Curí Leuvu', 16),
(1588, 'Villa del Nahueve', 16),
(1589, 'Villa del Puente Picún Leuvú', 16),
(1590, 'Villa El Chocón', 16),
(1591, 'Villa La Angostura', 16),
(1592, 'Villa Pehuenia', 16),
(1593, 'Villa Traful', 16),
(1594, 'Vista Alegre', 16),
(1595, 'Zapala', 16),
(1596, 'Aguada Cecilio', 17),
(1597, 'Aguada de Guerra', 17),
(1598, 'Allén', 17),
(1599, 'Arroyo de La Ventana', 17),
(1600, 'Arroyo Los Berros', 17),
(1601, 'Bariloche', 17),
(1602, 'Calte. Cordero', 17),
(1603, 'Campo Grande', 17),
(1604, 'Catriel', 17),
(1605, 'Cerro Policía', 17),
(1606, 'Cervantes', 17),
(1607, 'Chelforo', 17),
(1608, 'Chimpay', 17),
(1609, 'Chinchinales', 17),
(1610, 'Chipauquil', 17),
(1611, 'Choele Choel', 17),
(1612, 'Cinco Saltos', 17),
(1613, 'Cipolletti', 17),
(1614, 'Clemente Onelli', 17),
(1615, 'Colán Conhue', 17),
(1616, 'Comallo', 17),
(1617, 'Comicó', 17),
(1618, 'Cona Niyeu', 17),
(1619, 'Coronel Belisle', 17),
(1620, 'Cubanea', 17),
(1621, 'Darwin', 17),
(1622, 'Dina Huapi', 17),
(1623, 'El Bolsón', 17),
(1624, 'El Caín', 17),
(1625, 'El Manso', 17),
(1626, 'Gral. Conesa', 17),
(1627, 'Gral. Enrique Godoy', 17),
(1628, 'Gral. Fernandez Oro', 17),
(1629, 'Gral. Roca', 17),
(1630, 'Guardia Mitre', 17),
(1631, 'Ing. Huergo', 17),
(1632, 'Ing. Jacobacci', 17),
(1633, 'Laguna Blanca', 17),
(1634, 'Lamarque', 17),
(1635, 'Las Grutas', 17),
(1636, 'Los Menucos', 17),
(1637, 'Luis Beltrán', 17),
(1638, 'Mainqué', 17),
(1639, 'Mamuel Choique', 17),
(1640, 'Maquinchao', 17),
(1641, 'Mencué', 17),
(1642, 'Mtro. Ramos Mexia', 17),
(1643, 'Nahuel Niyeu', 17),
(1644, 'Naupa Huen', 17),
(1645, 'Ñorquinco', 17),
(1646, 'Ojos de Agua', 17),
(1647, 'Paso de Agua', 17),
(1648, 'Paso Flores', 17),
(1649, 'Peñas Blancas', 17),
(1650, 'Pichi Mahuida', 17),
(1651, 'Pilcaniyeu', 17),
(1652, 'Pomona', 17),
(1653, 'Prahuaniyeu', 17),
(1654, 'Rincón Treneta', 17),
(1655, 'Río Chico', 17),
(1656, 'Río Colorado', 17),
(1657, 'Roca', 17),
(1658, 'San Antonio Oeste', 17),
(1659, 'San Javier', 17),
(1660, 'Sierra Colorada', 17),
(1661, 'Sierra Grande', 17),
(1662, 'Sierra Pailemán', 17),
(1663, 'Valcheta', 17),
(1664, 'Valle Azul', 17),
(1665, 'Viedma', 17),
(1666, 'Villa Llanquín', 17),
(1667, 'Villa Mascardi', 17),
(1668, 'Villa Regina', 17),
(1669, 'Yaminué', 17),
(1670, 'A. Saravia', 18),
(1671, 'Aguaray', 18),
(1672, 'Angastaco', 18),
(1673, 'Animaná', 18),
(1674, 'Cachi', 18),
(1675, 'Cafayate', 18),
(1676, 'Campo Quijano', 18),
(1677, 'Campo Santo', 18),
(1678, 'Capital', 18),
(1679, 'Cerrillos', 18),
(1680, 'Chicoana', 18),
(1681, 'Col. Sta. Rosa', 18),
(1682, 'Coronel Moldes', 18),
(1683, 'El Bordo', 18),
(1684, 'El Carril', 18),
(1685, 'El Galpón', 18),
(1686, 'El Jardín', 18),
(1687, 'El Potrero', 18),
(1688, 'El Quebrachal', 18),
(1689, 'El Tala', 18),
(1690, 'Embarcación', 18),
(1691, 'Gral. Ballivian', 18),
(1692, 'Gral. Güemes', 18),
(1693, 'Gral. Mosconi', 18),
(1694, 'Gral. Pizarro', 18),
(1695, 'Guachipas', 18),
(1696, 'Hipólito Yrigoyen', 18),
(1697, 'Iruyá', 18),
(1698, 'Isla De Cañas', 18),
(1699, 'J. V. Gonzalez', 18),
(1700, 'La Caldera', 18),
(1701, 'La Candelaria', 18),
(1702, 'La Merced', 18),
(1703, 'La Poma', 18),
(1704, 'La Viña', 18),
(1705, 'Las Lajitas', 18),
(1706, 'Los Toldos', 18),
(1707, 'Metán', 18),
(1708, 'Molinos', 18),
(1709, 'Nazareno', 18),
(1710, 'Orán', 18),
(1711, 'Payogasta', 18),
(1712, 'Pichanal', 18),
(1713, 'Prof. S. Mazza', 18),
(1714, 'Río Piedras', 18),
(1715, 'Rivadavia Banda Norte', 18),
(1716, 'Rivadavia Banda Sur', 18),
(1717, 'Rosario de La Frontera', 18),
(1718, 'Rosario de Lerma', 18),
(1719, 'Saclantás', 18),
(1720, '18', 18),
(1721, 'San Antonio', 18),
(1722, 'San Carlos', 18),
(1723, 'San José De Metán', 18),
(1724, 'San Ramón', 18),
(1725, 'Santa Victoria E.', 18),
(1726, 'Santa Victoria O.', 18),
(1727, 'Tartagal', 18),
(1728, 'Tolar Grande', 18),
(1729, 'Urundel', 18),
(1730, 'Vaqueros', 18),
(1731, 'Villa San Lorenzo', 18),
(1732, 'Albardón', 19),
(1733, 'Angaco', 19),
(1734, 'Calingasta', 19),
(1735, 'Capital', 19),
(1736, 'Caucete', 19),
(1737, 'Chimbas', 19),
(1738, 'Iglesia', 19),
(1739, 'Jachal', 19),
(1740, 'Nueve de Julio', 19),
(1741, 'Pocito', 19),
(1742, 'Rawson', 19),
(1743, 'Rivadavia', 19),
(1744, '19', 19),
(1745, 'San Martín', 19),
(1746, 'Santa Lucía', 19),
(1747, 'Sarmiento', 19),
(1748, 'Ullum', 19),
(1749, 'Valle Fértil', 19),
(1750, 'Veinticinco de Mayo', 19),
(1751, 'Zonda', 19),
(1752, 'Alto Pelado', 20),
(1753, 'Alto Pencoso', 20),
(1754, 'Anchorena', 20),
(1755, 'Arizona', 20),
(1756, 'Bagual', 20),
(1757, 'Balde', 20),
(1758, 'Batavia', 20),
(1759, 'Beazley', 20),
(1760, 'Buena Esperanza', 20),
(1761, 'Candelaria', 20),
(1762, 'Capital', 20),
(1763, 'Carolina', 20),
(1764, 'Carpintería', 20),
(1765, 'Concarán', 20),
(1766, 'Cortaderas', 20),
(1767, 'El Morro', 20),
(1768, 'El Trapiche', 20),
(1769, 'El Volcán', 20),
(1770, 'Fortín El Patria', 20),
(1771, 'Fortuna', 20),
(1772, 'Fraga', 20),
(1773, 'Juan Jorba', 20),
(1774, 'Juan Llerena', 20),
(1775, 'Juana Koslay', 20),
(1776, 'Justo Daract', 20),
(1777, 'La Calera', 20),
(1778, 'La Florida', 20),
(1779, 'La Punilla', 20),
(1780, 'La Toma', 20),
(1781, 'Lafinur', 20),
(1782, 'Las Aguadas', 20),
(1783, 'Las Chacras', 20),
(1784, 'Las Lagunas', 20),
(1785, 'Las Vertientes', 20),
(1786, 'Lavaisse', 20),
(1787, 'Leandro N. Alem', 20),
(1788, 'Los Molles', 20),
(1789, 'Luján', 20),
(1790, 'Mercedes', 20),
(1791, 'Merlo', 20),
(1792, 'Naschel', 20),
(1793, 'Navia', 20),
(1794, 'Nogolí', 20),
(1795, 'Nueva Galia', 20),
(1796, 'Papagayos', 20),
(1797, 'Paso Grande', 20),
(1798, 'Potrero de Los Funes', 20),
(1799, 'Quines', 20),
(1800, 'Renca', 20),
(1801, 'Saladillo', 20),
(1802, 'San Francisco', 20),
(1803, 'San Gerónimo', 20),
(1804, 'San Martín', 20),
(1805, 'San Pablo', 20),
(1806, 'Santa Rosa de Conlara', 20),
(1807, 'Talita', 20),
(1808, 'Tilisarao', 20),
(1809, 'Unión', 20),
(1810, 'Villa de La Quebrada', 20),
(1811, 'Villa de Praga', 20),
(1812, 'Villa del Carmen', 20),
(1813, 'Villa Gral. Roca', 20),
(1814, 'Villa Larca', 20),
(1815, 'Villa Mercedes', 20),
(1816, 'Zanjitas', 20),
(1817, 'Calafate', 21),
(1818, 'Caleta Olivia', 21),
(1819, 'Cañadón Seco', 21),
(1820, 'Comandante Piedrabuena', 21),
(1821, 'El Calafate', 21),
(1822, 'El Chaltén', 21),
(1823, 'Gdor. Gregores', 21),
(1824, 'Hipólito Yrigoyen', 21),
(1825, 'Jaramillo', 21),
(1826, 'Koluel Kaike', 21),
(1827, 'Las Heras', 21),
(1828, 'Los Antiguos', 21),
(1829, 'Perito Moreno', 21),
(1830, 'Pico Truncado', 21),
(1831, 'Pto. Deseado', 21),
(1832, 'Pto. San Julián', 21),
(1833, 'Pto. 21', 21),
(1834, 'Río Cuarto', 21),
(1835, 'Río Gallegos', 21),
(1836, 'Río Turbio', 21),
(1837, 'Tres Lagos', 21),
(1838, 'Veintiocho De Noviembre', 21),
(1839, 'Aarón Castellanos', 22),
(1840, 'Acebal', 22),
(1841, 'Aguará Grande', 22),
(1842, 'Albarellos', 22),
(1843, 'Alcorta', 22),
(1844, 'Aldao', 22),
(1845, 'Alejandra', 22),
(1846, 'Álvarez', 22),
(1847, 'Ambrosetti', 22),
(1848, 'Amenábar', 22),
(1849, 'Angélica', 22),
(1850, 'Angeloni', 22),
(1851, 'Arequito', 22),
(1852, 'Arminda', 22),
(1853, 'Armstrong', 22),
(1854, 'Arocena', 22),
(1855, 'Arroyo Aguiar', 22),
(1856, 'Arroyo Ceibal', 22),
(1857, 'Arroyo Leyes', 22),
(1858, 'Arroyo Seco', 22),
(1859, 'Arrufó', 22),
(1860, 'Arteaga', 22),
(1861, 'Ataliva', 22),
(1862, 'Aurelia', 22),
(1863, 'Avellaneda', 22),
(1864, 'Barrancas', 22),
(1865, 'Bauer Y Sigel', 22),
(1866, 'Bella Italia', 22),
(1867, 'Berabevú', 22),
(1868, 'Berna', 22),
(1869, 'Bernardo de Irigoyen', 22),
(1870, 'Bigand', 22),
(1871, 'Bombal', 22),
(1872, 'Bouquet', 22),
(1873, 'Bustinza', 22),
(1874, 'Cabal', 22),
(1875, 'Cacique Ariacaiquin', 22),
(1876, 'Cafferata', 22),
(1877, 'Calchaquí', 22),
(1878, 'Campo Andino', 22),
(1879, 'Campo Piaggio', 22),
(1880, 'Cañada de Gómez', 22),
(1881, 'Cañada del Ucle', 22),
(1882, 'Cañada Rica', 22),
(1883, 'Cañada Rosquín', 22),
(1884, 'Candioti', 22),
(1885, 'Capital', 22),
(1886, 'Capitán Bermúdez', 22),
(1887, 'Capivara', 22),
(1888, 'Carcarañá', 22),
(1889, 'Carlos Pellegrini', 22),
(1890, 'Carmen', 22),
(1891, 'Carmen Del Sauce', 22),
(1892, 'Carreras', 22),
(1893, 'Carrizales', 22),
(1894, 'Casalegno', 22),
(1895, 'Casas', 22),
(1896, 'Casilda', 22),
(1897, 'Castelar', 22),
(1898, 'Castellanos', 22),
(1899, 'Cayastá', 22),
(1900, 'Cayastacito', 22),
(1901, 'Centeno', 22),
(1902, 'Cepeda', 22),
(1903, 'Ceres', 22),
(1904, 'Chabás', 22),
(1905, 'Chañar Ladeado', 22),
(1906, 'Chapuy', 22),
(1907, 'Chovet', 22),
(1908, 'Christophersen', 22),
(1909, 'Classon', 22),
(1910, 'Cnel. Arnold', 22),
(1911, 'Cnel. Bogado', 22),
(1912, 'Cnel. Dominguez', 22),
(1913, 'Cnel. Fraga', 22),
(1914, 'Col. Aldao', 22),
(1915, 'Col. Ana', 22),
(1916, 'Col. Belgrano', 22),
(1917, 'Col. Bicha', 22),
(1918, 'Col. Bigand', 22),
(1919, 'Col. Bossi', 22),
(1920, 'Col. Cavour', 22),
(1921, 'Col. Cello', 22),
(1922, 'Col. Dolores', 22),
(1923, 'Col. Dos Rosas', 22),
(1924, 'Col. Durán', 22),
(1925, 'Col. Iturraspe', 22),
(1926, 'Col. Margarita', 22),
(1927, 'Col. Mascias', 22),
(1928, 'Col. Raquel', 22),
(1929, 'Col. Rosa', 22),
(1930, 'Col. San José', 22),
(1931, 'Constanza', 22),
(1932, 'Coronda', 22),
(1933, 'Correa', 22),
(1934, 'Crispi', 22),
(1935, 'Cululú', 22),
(1936, 'Curupayti', 22),
(1937, 'Desvio Arijón', 22),
(1938, 'Diaz', 22),
(1939, 'Diego de Alvear', 22),
(1940, 'Egusquiza', 22),
(1941, 'El Arazá', 22),
(1942, 'El Rabón', 22),
(1943, 'El Sombrerito', 22),
(1944, 'El Trébol', 22),
(1945, 'Elisa', 22),
(1946, 'Elortondo', 22),
(1947, 'Emilia', 22),
(1948, 'Empalme San Carlos', 22),
(1949, 'Empalme Villa Constitucion', 22),
(1950, 'Esmeralda', 22),
(1951, 'Esperanza', 22),
(1952, 'Estación Alvear', 22),
(1953, 'Estacion Clucellas', 22),
(1954, 'Esteban Rams', 22),
(1955, 'Esther', 22),
(1956, 'Esustolia', 22),
(1957, 'Eusebia', 22),
(1958, 'Felicia', 22),
(1959, 'Fidela', 22),
(1960, 'Fighiera', 22),
(1961, 'Firmat', 22),
(1962, 'Florencia', 22),
(1963, 'Fortín Olmos', 22),
(1964, 'Franck', 22),
(1965, 'Fray Luis Beltrán', 22),
(1966, 'Frontera', 22),
(1967, 'Fuentes', 22),
(1968, 'Funes', 22),
(1969, 'Gaboto', 22),
(1970, 'Galisteo', 22),
(1971, 'Gálvez', 22),
(1972, 'Garabalto', 22),
(1973, 'Garibaldi', 22),
(1974, 'Gato Colorado', 22),
(1975, 'Gdor. Crespo', 22),
(1976, 'Gessler', 22),
(1977, 'Godoy', 22),
(1978, 'Golondrina', 22),
(1979, 'Gral. Gelly', 22),
(1980, 'Gral. Lagos', 22),
(1981, 'Granadero Baigorria', 22),
(1982, 'Gregoria Perez De Denis', 22),
(1983, 'Grutly', 22),
(1984, 'Guadalupe N.', 22),
(1985, 'Gödeken', 22),
(1986, 'Helvecia', 22),
(1987, 'Hersilia', 22),
(1988, 'Hipatía', 22),
(1989, 'Huanqueros', 22),
(1990, 'Hugentobler', 22),
(1991, 'Hughes', 22),
(1992, 'Humberto 1º', 22),
(1993, 'Humboldt', 22),
(1994, 'Ibarlucea', 22),
(1995, 'Ing. Chanourdie', 22),
(1996, 'Intiyaco', 22),
(1997, 'Ituzaingó', 22),
(1998, 'Jacinto L. Aráuz', 22),
(1999, 'Josefina', 22),
(2000, 'Juan B. Molina', 22),
(2001, 'Juan de Garay', 22),
(2002, 'Juncal', 22),
(2003, 'La Brava', 22),
(2004, 'La Cabral', 22),
(2005, 'La Camila', 22),
(2006, 'La Chispa', 22),
(2007, 'La Clara', 22),
(2008, 'La Criolla', 22),
(2009, 'La Gallareta', 22),
(2010, 'La Lucila', 22),
(2011, 'La Pelada', 22),
(2012, 'La Penca', 22),
(2013, 'La Rubia', 22),
(2014, 'La Sarita', 22),
(2015, 'La Vanguardia', 22),
(2016, 'Labordeboy', 22),
(2017, 'Laguna Paiva', 22),
(2018, 'Landeta', 22),
(2019, 'Lanteri', 22),
(2020, 'Larrechea', 22),
(2021, 'Las Avispas', 22),
(2022, 'Las Bandurrias', 22),
(2023, 'Las Garzas', 22),
(2024, 'Las Palmeras', 22),
(2025, 'Las Parejas', 22),
(2026, 'Las Petacas', 22),
(2027, 'Las Rosas', 22),
(2028, 'Las Toscas', 22),
(2029, 'Las Tunas', 22),
(2030, 'Lazzarino', 22),
(2031, 'Lehmann', 22),
(2032, 'Llambi Campbell', 22),
(2033, 'Logroño', 22),
(2034, 'Loma Alta', 22),
(2035, 'López', 22),
(2036, 'Los Amores', 22),
(2037, 'Los Cardos', 22),
(2038, 'Los Laureles', 22),
(2039, 'Los Molinos', 22),
(2040, 'Los Quirquinchos', 22),
(2041, 'Lucio V. Lopez', 22),
(2042, 'Luis Palacios', 22),
(2043, 'Ma. Juana', 22),
(2044, 'Ma. Luisa', 22),
(2045, 'Ma. Susana', 22),
(2046, 'Ma. Teresa', 22),
(2047, 'Maciel', 22),
(2048, 'Maggiolo', 22),
(2049, 'Malabrigo', 22),
(2050, 'Marcelino Escalada', 22),
(2051, 'Margarita', 22),
(2052, 'Matilde', 22),
(2053, 'Mauá', 22),
(2054, 'Máximo Paz', 22),
(2055, 'Melincué', 22),
(2056, 'Miguel Torres', 22),
(2057, 'Moisés Ville', 22),
(2058, 'Monigotes', 22),
(2059, 'Monje', 22),
(2060, 'Monte Obscuridad', 22),
(2061, 'Monte Vera', 22),
(2062, 'Montefiore', 22),
(2063, 'Montes de Oca', 22),
(2064, 'Murphy', 22),
(2065, 'Ñanducita', 22),
(2066, 'Naré', 22),
(2067, 'Nelson', 22),
(2068, 'Nicanor E. Molinas', 22),
(2069, 'Nuevo Torino', 22),
(2070, 'Oliveros', 22),
(2071, 'Palacios', 22),
(2072, 'Pavón', 22),
(2073, 'Pavón Arriba', 22);

-- --------------------------------------------------------

--
-- Estructura de tabla para la tabla `cliente`
--

CREATE TABLE `cliente` (
  `id` bigint(20) NOT NULL,
  `apellido` varchar(255) DEFAULT NULL,
  `celular` varchar(255) DEFAULT NULL,
  `dni` varchar(255) DEFAULT NULL,
  `domicilio` varchar(255) DEFAULT NULL,
  `fecha_nacimiento` datetime DEFAULT NULL,
  `garantia` bit(1) DEFAULT NULL,
  `fotocopia_dni` bit(1) NOT NULL,
  `recibo` bit(1) NOT NULL,
  `servicio` bit(1) NOT NULL,
  `nombre` varchar(255) DEFAULT NULL,
  `observacion` varchar(255) DEFAULT NULL,
  `telefono` varchar(255) DEFAULT NULL,
  `trabajo_horario` varchar(255) DEFAULT NULL,
  `trabajo_lugar` varchar(255) DEFAULT NULL,
  `trabajo_dia_cobro` int(11) NOT NULL,
  `ciudad_id` bigint(20) DEFAULT NULL,
  `user_id` bigint(20) DEFAULT NULL
) ENGINE=InnoDB DEFAULT CHARSET=latin1;

-- --------------------------------------------------------

--
-- Estructura de tabla para la tabla `cobro`
--

CREATE TABLE `cobro` (
  `id` bigint(11) NOT NULL,
  `monto` double NOT NULL,
  `fecha` date NOT NULL,
  `descripcion` varchar(255) NOT NULL,
  `cuota_id` bigint(11) NOT NULL
) ENGINE=InnoDB DEFAULT CHARSET=latin1;

-- --------------------------------------------------------

--
-- Estructura de tabla para la tabla `credito`
--

CREATE TABLE `credito` (
  `id` bigint(20) NOT NULL,
  `capital` double NOT NULL,
  `cuotas` int(11) NOT NULL,
  `monto_cuotas` double NOT NULL,
  `saldo_cuenta` double NOT NULL,
  `fecha_creacion` date NOT NULL,
  `fecha_inicio` date NOT NULL,
  `fecha_vencimiento` date DEFAULT NULL,
  `estado` varchar(255) NOT NULL,
  `interes` double NOT NULL,
  `cliente_id` bigint(20) NOT NULL
) ENGINE=InnoDB DEFAULT CHARSET=latin1;

-- --------------------------------------------------------

--
-- Estructura de tabla para la tabla `cuota`
--

CREATE TABLE `cuota` (
  `id` bigint(11) NOT NULL,
  `nro` int(11) NOT NULL,
  `cuota_capital` double NOT NULL,
  `cuota_interes` double NOT NULL,
  `saldo` double NOT NULL,
  `saldo_pagar` double NOT NULL,
  `interes_vencido` double NOT NULL,
  `interes_descuento` double NOT NULL,
  `fecha_vencimiento` date NOT NULL,
  `fecha_cierre` date DEFAULT NULL,
  `estado` varchar(255) NOT NULL,
  `credito_id` bigint(11) NOT NULL
) ENGINE=InnoDB DEFAULT CHARSET=latin1;

-- --------------------------------------------------------

--
-- Estructura de tabla para la tabla `descuento`
--

CREATE TABLE `descuento` (
  `id` bigint(20) NOT NULL,
  `valor` double NOT NULL,
  `orden` int(11) NOT NULL
) ENGINE=InnoDB DEFAULT CHARSET=latin1;

-- --------------------------------------------------------

--
-- Estructura de tabla para la tabla `interes`
--

CREATE TABLE `interes` (
  `id` bigint(20) NOT NULL,
  `valor` double NOT NULL,
  `orden` int(11) NOT NULL
) ENGINE=InnoDB DEFAULT CHARSET=latin1;

-- --------------------------------------------------------

--
-- Estructura de tabla para la tabla `movimiento`
--

CREATE TABLE `movimiento` (
  `id` bigint(11) NOT NULL,
  `monto` double NOT NULL,
  `fecha` date NOT NULL,
  `descripcion` varchar(255) NOT NULL,
  `tipo` varchar(255) NOT NULL,
  `caja_id` bigint(11) NOT NULL
) ENGINE=InnoDB DEFAULT CHARSET=latin1;

-- --------------------------------------------------------

--
-- Estructura de tabla para la tabla `parameter`
--

CREATE TABLE `parameter` (
  `id` int(3) NOT NULL,
  `key_col` varchar(50) NOT NULL,
  `value_col` varchar(250) NOT NULL,
  `description` varchar(255) DEFAULT NULL,
  `uses_class` varchar(100) DEFAULT NULL,
  `data_type` varchar(255) DEFAULT NULL
) ENGINE=InnoDB DEFAULT CHARSET=latin1;

--
-- Volcado de datos para la tabla `parameter`
--

INSERT INTO `parameter` (`id`, `key_col`, `value_col`, `description`, `uses_class`, `data_type`) VALUES
(1, 'spring.mail.host', 'smtp.gmail.com', 'email server hostname', 'MailConfig', 'String'),
(2, 'spring.mail.username', 'consejo.agrimensores@gmail.com', 'email server username', 'MailConfig', 'String'),
(3, 'spring.mail.password', 'cpa.2017', 'email server password', 'MailConfig', 'String'),
(4, 'spring.mail.port', '465', 'email server port', 'MailConfig', 'Int'),
(5, 'spring.mail.smtp.ssl.enable', 'true', 'email server properties enable', 'MailConfig', 'String'),
(6, 'mail.smtp.auth', 'true', 'email server properties auth', 'MailConfig', 'String'),
(7, 'montoGEO', '100', 'Monto fondo GEO', 'EProfesional', 'Double'),
(8, 'global.clave', 'ab', 'Clave Global', 'Constantes', 'String'),
(9, 'random.number.bound', '0123456789ABCDEF', 'Random number bound', 'Constantes', 'String'),
(10, 'leyenda.profesional', '\r\nTodos los datos consignados tienen carácter de declaración Jurada, solo podrán ser modificados por el profesional y serán utilizados a efectos de establecer una comunicación valida entre el CPA y el matriculado.', 'Leyenda del Profesional', 'Bean', 'String'),
(11, 'pattern.date', 'dd-MM-yyyy', 'Formato de fechas', 'Bean', 'String'),
(12, 'pattern.dateTime', 'dd-MM-yyyy HH:mm', 'Formato Fecha-Hora', 'Bean', 'String'),
(13, 'pattern.moneda', '$', 'Signo Moneda', 'Bean', 'String'),
(14, 'pdf.imagen.width', '160f', 'Ancho de imagen', 'PDF', 'Float'),
(15, 'pdf.imagen.height', '80f', 'Altura de imagen', 'PDF', 'Float'),
(16, 'pdf.aligncenter', '1', 'Alineal al centro', 'PDF', 'Integer'),
(17, 'pdf.alignright', '2', 'Alineal a la derecha', 'PDF', 'Integer'),
(18, 'pdf.aligncleft', '0', 'Alineal a la izquierda', 'PDF', 'Integer'),
(19, 'pdf.alignmiddle', '5', 'Alineal al medio', 'PDF', 'Integer'),
(20, 'pdf.font.name', 'arial', 'Nombre de la fuente', 'PDF', 'String'),
(21, 'pdf.font.size', '12', 'Tamaño de la fuente', 'PDF', 'Integer'),
(22, 'pdf.font.size.leyenda', '9', 'Tamaño de la fuente (LEYENDA)', 'PDF', 'Integer'),
(23, 'pdf.qr.absolute.y', '10f', 'Posicion QR eje y', 'PDF', 'Float'),
(24, 'pdf.qr.absolute.x', '10f', 'Posicion QR eje x', 'PDF', 'Float'),
(25, 'pdf.qr.percent', '400', 'QR Tamaño', 'PDF', 'Float'),
(26, 'pdf.font.titulo', '1', 'Fuente en negrita', 'PDF', 'Integer'),
(27, 'pdf.font.detalle', '0', 'Fuente normal', 'PDF', 'Integer'),
(28, 'pdf.font.underline', '4', 'Fuente subrayada', 'PDF', 'Integer'),
(29, 'pdf.odt.footer.tabla1', 'Se establece que el plazo de la presente orden de trabajo será de: ', 'Texto ODT footer tabla 1', 'PDF', 'String'),
(30, 'pdf.odt.footer.tabla2', 'En prueba de conformidad se firma la presente Orden de Trabajo en 3( tres) ejemplares de mismo tenor y un solo efecto en : ................................ en el dia ................................', 'Texto ODT footer tabla 2', 'PDF', 'String'),
(31, 'pdf.odt.encabezado.parrafo1', 'Por la presente ORDEN DE TRABAJO formulada de acuerdo al Art. 4° de la ley 442 y ley 3198; y art 4° apartado 6) del decreto Reglamentario 120-74 y ley 2541', 'Texto ODT encabezado parrafo 1', 'PDF', 'String'),
(32, 'pdf.odt.encabezado.parrafo2', 'Nro de ODT ', 'Texto ODT encabezado parrafo 2', 'PDF', 'String'),
(33, 'pdf.odt.encabezado.parrafo3', 'NOMENCACATASTRAL: ', 'Texto ODT encabezado parrafo 3', 'PDF', 'String'),
(34, 'pdf.ods.cupon.parrafo1', 'CUPON DE PAGO ODS DEPOSITO', 'Texto ODS Cupon parrafo 1', 'PDF', 'String'),
(35, 'pdf.ods.cupon.parrafo2', 'BANCARIO/PAGO POR CAJA', 'Texto ODS Cupon parrafo 2', 'PDF', 'String'),
(36, 'pdf.ods.cupon.parrafo3', 'Banco Patagonia Sudameris s.a.', 'Texto ODS Cupon parrafo 3', 'PDF', 'String'),
(37, 'pdf.ods.cupon.parrafo4', 'Nota de credito para la cuenta ccte Nro ……………', 'Texto ODS Cupon parrafo 4', 'PDF', 'String'),
(38, 'pdf.ods.cupon.parrafo5', 'ODT NRO ', 'Texto ODS Cupon parrafo 5', 'PDF', 'String'),
(39, 'pdf.ods.cupon.parrafo6', 'NOMENCACATASTRAL: ', 'Texto ODS Cupon parrafo 6', 'PDF', 'String'),
(40, 'pdf.ods.depositante.parrafo1', 'Sello Caja/Banco', 'Texto ODS depositante parrafo 1', 'PDF', 'String'),
(41, 'pdf.ods.depositante.parrafo2', 'Total $: ', 'Texto ODS depositante parrafo 2', 'PDF', 'String'),
(42, 'pdf.ods.depositante.parrafo3', 'Esta boleta para ser valida deberá llevar el sello del banco y firma del cajero recibidor.', 'Texto ODS depositante parrafo 3', 'PDF', 'String'),
(43, 'pdf.ods.depositante.parrafo4', 'El banco certifica únicamente el importe depositado.', 'Texto ODS depositante parrafo 4', 'PDF', 'String'),
(44, 'pdf.ods.qr.parrafo1', 'Visado Consejo Prefesional De Agrimensura de Rio Negro \r\nODS: Nro trans - ', 'Texto ODS QR parrafo 1', 'PDF', 'String'),
(45, 'pdf.ods.qr.parrafo2', 'Abonado', 'Texto ODS QR parrafo 2', 'PDF', 'String'),
(46, 'spring.mail.subject.forgot', 'Datos de acceso', 'Subject forgot mail', 'Bean', 'String'),
(47, 'spring.mail.subject.new', 'Nuevo usuario', 'Subject new mail', 'Bean', 'String'),
(48, 'spring.mail.subject.new.pass', 'Nueva contraseña', 'Subject new pass mail', 'Bean', 'String'),
(49, 'spring.mail.body', '<h3 style="color: brown;">Consejo Profesional de Agrimensura de Rio Negro</h3>', 'Body mail', 'Bean', 'String'),
(50, 'spring.mail.body.acceso', ' Su contraseña de acceso es:', 'Contraseña de acceso mail', 'Bean', 'String'),
(51, 'spring.mail.msj.activar', '<h4>Para activar el usuario ingrese al siguiente link: </h4>', 'Mensaje activar mail', 'Bean', 'String'),
(52, 'pdf.ods.cupon.parrafo.visada', 'Formulario Visado Cpa', 'Texto ODS Cupon parrafo 1 Visada', 'PDF', 'String'),
(53, 'pdf.ley.provincial.5216', 'Ley Provincial N° 5216', 'TEXTO en PDF', 'PDF', 'String');

-- --------------------------------------------------------

--
-- Estructura de tabla para la tabla `provincia`
--

CREATE TABLE `provincia` (
  `id` bigint(20) NOT NULL,
  `nombre` varchar(255) DEFAULT NULL
) ENGINE=InnoDB DEFAULT CHARSET=latin1;

--
-- Volcado de datos para la tabla `provincia`
--

INSERT INTO `provincia` (`id`, `nombre`) VALUES
(1, 'Buenos Aires'),
(2, 'Buenos Aires-GBA'),
(3, 'Capital Federal'),
(4, 'Catamarca'),
(5, 'Chaco'),
(6, 'Chubut'),
(7, 'Córdoba'),
(8, 'Corrientes'),
(9, 'Entre Ríos'),
(10, 'Formosa'),
(11, 'Jujuy'),
(12, 'La Pampa'),
(13, 'La Rioja'),
(14, 'Mendoza'),
(15, 'Misiones'),
(16, 'Neuquén'),
(17, 'Río Negro'),
(18, 'Salta'),
(19, 'San Juan'),
(20, 'San Luis'),
(21, 'Santa Cruz'),
(22, 'Santa Fe'),
(23, 'Santiago del Estero'),
(24, 'Tierra del Fuego'),
(25, 'Tucumán');

-- --------------------------------------------------------

--
-- Estructura de tabla para la tabla `usuario`
--

CREATE TABLE `usuario` (
  `id` bigint(20) NOT NULL,
  `active` bit(1) DEFAULT NULL,
  `email` varchar(255) NOT NULL,
  `enabled` bit(1) NOT NULL,
  `intentos_de_login` int(11) DEFAULT NULL,
  `password` varchar(255) NOT NULL,
  `rol` varchar(255) NOT NULL,
  `username` varchar(255) NOT NULL
) ENGINE=InnoDB DEFAULT CHARSET=latin1;

--
-- Volcado de datos para la tabla `usuario`
--

INSERT INTO `usuario` (`id`, `active`, `email`, `enabled`, `intentos_de_login`, `password`, `rol`, `username`) VALUES
(1, b'1', 'fdifabio@unrn.edu.ar', b'1', 0, '$2a$10$ChsUEMAhp5f5avFDCkdmMu/LrynXMFgt/7wK1DMrN0Lvw81drh1Cy', 'ROLE_PRESTAMISTA', 'fdifabio@unrn.edu.ar');

--
-- Índices para tablas volcadas
--

--
-- Indices de la tabla `caja`
--
ALTER TABLE `caja`
  ADD PRIMARY KEY (`id`);

--
-- Indices de la tabla `ciudad`
--
ALTER TABLE `ciudad`
  ADD PRIMARY KEY (`id`),
  ADD KEY `provincia_id_fk` (`provincia_id`) USING BTREE;

--
-- Indices de la tabla `cliente`
--
ALTER TABLE `cliente`
  ADD PRIMARY KEY (`id`),
  ADD KEY `FK1le6orj8lrio9vg2jdayn5kqy` (`ciudad_id`),
  ADD KEY `FK51q58w7p2gonvu6xsuyp3t2bo` (`user_id`);

--
-- Indices de la tabla `cobro`
--
ALTER TABLE `cobro`
  ADD PRIMARY KEY (`id`),
  ADD KEY `cuota_id` (`cuota_id`);

--
-- Indices de la tabla `credito`
--
ALTER TABLE `credito`
  ADD PRIMARY KEY (`id`),
  ADD KEY `cliente_id` (`cliente_id`);

--
-- Indices de la tabla `cuota`
--
ALTER TABLE `cuota`
  ADD PRIMARY KEY (`id`),
  ADD KEY `credito_id` (`credito_id`);

--
-- Indices de la tabla `descuento`
--
ALTER TABLE `descuento`
  ADD PRIMARY KEY (`id`);

--
-- Indices de la tabla `interes`
--
ALTER TABLE `interes`
  ADD PRIMARY KEY (`id`);

--
-- Indices de la tabla `movimiento`
--
ALTER TABLE `movimiento`
  ADD PRIMARY KEY (`id`),
  ADD KEY `caja_id` (`caja_id`);

--
-- Indices de la tabla `parameter`
--
ALTER TABLE `parameter`
  ADD PRIMARY KEY (`id`),
  ADD UNIQUE KEY `key_col` (`key_col`);

--
-- Indices de la tabla `provincia`
--
ALTER TABLE `provincia`
  ADD PRIMARY KEY (`id`);

--
-- Indices de la tabla `usuario`
--
ALTER TABLE `usuario`
  ADD PRIMARY KEY (`id`),
  ADD UNIQUE KEY `UK_863n1y3x0jalatoir4325ehal` (`username`);

--
-- AUTO_INCREMENT de las tablas volcadas
--

--
-- AUTO_INCREMENT de la tabla `caja`
--
ALTER TABLE `caja`
  MODIFY `id` bigint(11) NOT NULL AUTO_INCREMENT;
--
-- AUTO_INCREMENT de la tabla `ciudad`
--
ALTER TABLE `ciudad`
  MODIFY `id` bigint(20) NOT NULL AUTO_INCREMENT, AUTO_INCREMENT=2074;
--
-- AUTO_INCREMENT de la tabla `cliente`
--
ALTER TABLE `cliente`
  MODIFY `id` bigint(20) NOT NULL AUTO_INCREMENT;
--
-- AUTO_INCREMENT de la tabla `cobro`
--
ALTER TABLE `cobro`
  MODIFY `id` bigint(11) NOT NULL AUTO_INCREMENT;
--
-- AUTO_INCREMENT de la tabla `credito`
--
ALTER TABLE `credito`
  MODIFY `id` bigint(20) NOT NULL AUTO_INCREMENT;
--
-- AUTO_INCREMENT de la tabla `cuota`
--
ALTER TABLE `cuota`
  MODIFY `id` bigint(11) NOT NULL AUTO_INCREMENT;
--
-- AUTO_INCREMENT de la tabla `descuento`
--
ALTER TABLE `descuento`
  MODIFY `id` bigint(20) NOT NULL AUTO_INCREMENT;
--
-- AUTO_INCREMENT de la tabla `interes`
--
ALTER TABLE `interes`
  MODIFY `id` bigint(20) NOT NULL AUTO_INCREMENT;
--
-- AUTO_INCREMENT de la tabla `movimiento`
--
ALTER TABLE `movimiento`
  MODIFY `id` bigint(11) NOT NULL AUTO_INCREMENT;
--
-- AUTO_INCREMENT de la tabla `provincia`
--
ALTER TABLE `provincia`
  MODIFY `id` bigint(20) NOT NULL AUTO_INCREMENT, AUTO_INCREMENT=26;
--
-- AUTO_INCREMENT de la tabla `usuario`
--
ALTER TABLE `usuario`
  MODIFY `id` bigint(20) NOT NULL AUTO_INCREMENT, AUTO_INCREMENT=2;
--
-- Restricciones para tablas volcadas
--

--
-- Filtros para la tabla `cobro`
--
ALTER TABLE `cobro`
  ADD CONSTRAINT `cobro_ibfk_1` FOREIGN KEY (`cuota_id`) REFERENCES `cuota` (`id`);

--
-- Filtros para la tabla `credito`
--
ALTER TABLE `credito`
  ADD CONSTRAINT `credito_ibfk_2` FOREIGN KEY (`cliente_id`) REFERENCES `cliente` (`id`);

--
-- Filtros para la tabla `cuota`
--
ALTER TABLE `cuota`
  ADD CONSTRAINT `cuota_ibfk_1` FOREIGN KEY (`credito_id`) REFERENCES `credito` (`id`);


INSERT INTO `parameter` (`id`, `key_col`, `value_col`, `description`, `uses_class`, `data_type`) VALUES
(54, 'backup.pathSQL', 'C:\\\\wamp64\\\\bin\\\\mysql\\\\mysql5.7.14\\\\bin\\\\mysqldump ', 'path sql installer', 'backup', 'String'),
(55, 'backup.command', '-uroot -proot --add-drop-database -B financiera_dev -r ', 'Comando con user y pass de la base', 'backup', 'String'),
(56, 'backup.pathBack', 'C:\\\\Users\\\\Federico\\\\Desktop\\\\backup\\\\financiera.sql', 'Carpeta donde guarda el archivo', 'Backup', 'String');
/*!40101 SET CHARACTER_SET_CLIENT=@OLD_CHARACTER_SET_CLIENT */;
/*!40101 SET CHARACTER_SET_RESULTS=@OLD_CHARACTER_SET_RESULTS */;
/*!40101 SET COLLATION_CONNECTION=@OLD_COLLATION_CONNECTION */;


CREATE TABLE `garante` (
  `id` bigint(20) NOT NULL,
  `apellido` varchar(255) DEFAULT NULL,
  `celular` varchar(255) DEFAULT NULL,
  `dni` varchar(255) DEFAULT NULL,
  `domicilio` varchar(255) DEFAULT NULL,
  `fecha_nacimiento` datetime DEFAULT NULL,
  `fotocopia_dni` bit(1) NOT NULL,
  `recibo` bit(1) NOT NULL,
  `servicio` bit(1) NOT NULL,
  `nombre` varchar(255) DEFAULT NULL,
  `observacion` varchar(255) DEFAULT NULL,
  `telefono` varchar(255) DEFAULT NULL,
  `trabajo_horario` varchar(255) DEFAULT NULL,
  `trabajo_lugar` varchar(255) DEFAULT NULL,
  `trabajo_dia_cobro` int(11) NOT NULL,
  `ciudad_id` bigint(20) DEFAULT NULL,
) ENGINE=InnoDB DEFAULT CHARSET=latin1;
ALTER TABLE `garante` ADD `id` BIGINT NOT NULL AUTO_INCREMENT FIRST, ADD PRIMARY KEY (`id`);
ALTER TABLE `garante` ADD `trabajo_telefono` VARCHAR(255) NOT NULL AFTER `trabajo_lugar`;
ALTER TABLE `cliente` ADD `trabajo_telefono` VARCHAR(255) NOT NULL AFTER `trabajo_dia_cobro`;
ALTER TABLE `cliente` DROP `garantia`;
ALTER TABLE `credito` DROP `garantia`;
ALTER TABLE `credito` ADD `garante_id` BIGINT(20) NOT NULL AFTER `cliente_id`;

ALTER TABLE `financiera_dev`.`credito` ADD INDEX `garante_id` (`garante_id`);
INSERT INTO `garante` (`id`, `apellido`, `celular`, `dni`, `domicilio`, `fecha_nacimiento`, `fotocopia_dni`, `recibo`, `servicio`, `nombre`, `observacion`, `telefono`, `trabajo_horario`, `trabajo_lugar`, `trabajo_telefono`, `trabajo_dia_cobro`, `ciudad_id`) VALUES
(NULL, 'Difabio', '02920515493', '36849832', NULL, NULL, b'0', b'0', b'0', 'Guillermo', NULL, NULL, NULL, NULL, '', 12, NULL);
INSERT INTO `garante` (`id`, `apellido`, `celular`, `dni`, `domicilio`, `fecha_nacimiento`, `fotocopia_dni`, `recibo`, `servicio`, `nombre`, `observacion`, `telefono`, `trabajo_horario`, `trabajo_lugar`, `trabajo_telefono`, `trabajo_dia_cobro`, `ciudad_id`) VALUES
(NULL, 'Negrin', '02915329615', '38036986', 'Bisgetti49', '2018-03-20 00:00:00', b'1', b'1', b'1', 'Evelyn', NULL, NULL, NULL, NULL, '324234324324', '12', NULL);